
INSERT IGNORE `playerchoice`(`ChoiceId`, `UiTextureKitId`, `SoundKitId`, `Question`, `HideWarboardHeader`, `KeepOpenAfterChoice`, `VerifiedBuild`) VALUES (51, 0, 0, 'What outpost structure should we construct?', 0, 0, 27062);
INSERT IGNORE `playerchoice`(`ChoiceId`, `UiTextureKitId`, `SoundKitId`, `Question`, `HideWarboardHeader`, `KeepOpenAfterChoice`, `VerifiedBuild`) VALUES (52, 0, 0, 'What kind of building will we erect at the outpost?', 0, 0, 27062);
INSERT IGNORE `playerchoice`(`ChoiceId`, `UiTextureKitId`, `SoundKitId`, `Question`, `HideWarboardHeader`, `KeepOpenAfterChoice`, `VerifiedBuild`) VALUES (53, 0, 0, 'What kind of building will we erect at the outpost?', 0, 0, 27062);
INSERT IGNORE `playerchoice`(`ChoiceId`, `UiTextureKitId`, `SoundKitId`, `Question`, `HideWarboardHeader`, `KeepOpenAfterChoice`, `VerifiedBuild`) VALUES (54, 0, 0, 'What kind of building will we erect at the outpost?', 0, 0, 27062);
INSERT IGNORE `playerchoice`(`ChoiceId`, `UiTextureKitId`, `SoundKitId`, `Question`, `HideWarboardHeader`, `KeepOpenAfterChoice`, `VerifiedBuild`) VALUES (55, 0, 0, 'What outpost structure should we construct?', 0, 0, 27062);
INSERT IGNORE `playerchoice`(`ChoiceId`, `UiTextureKitId`, `SoundKitId`, `Question`, `HideWarboardHeader`, `KeepOpenAfterChoice`, `VerifiedBuild`) VALUES (56, 0, 0, 'What kind of building will we erect at the outpost?', 0, 0, 27062);
INSERT IGNORE `playerchoice`(`ChoiceId`, `UiTextureKitId`, `SoundKitId`, `Question`, `HideWarboardHeader`, `KeepOpenAfterChoice`, `VerifiedBuild`) VALUES (57, 0, 0, 'What kind of building will we erect at the outpost?', 0, 0, 27062);
INSERT IGNORE `playerchoice`(`ChoiceId`, `UiTextureKitId`, `SoundKitId`, `Question`, `HideWarboardHeader`, `KeepOpenAfterChoice`, `VerifiedBuild`) VALUES (58, 0, 0, 'What outpost structure should we construct?', 0, 0, 27062);
INSERT IGNORE `playerchoice`(`ChoiceId`, `UiTextureKitId`, `SoundKitId`, `Question`, `HideWarboardHeader`, `KeepOpenAfterChoice`, `VerifiedBuild`) VALUES (63, 0, 0, 'The choice of military operation', 0, 0, 27062);
INSERT IGNORE `playerchoice`(`ChoiceId`, `UiTextureKitId`, `SoundKitId`, `Question`, `HideWarboardHeader`, `KeepOpenAfterChoice`, `VerifiedBuild`) VALUES (65, 0, 0, 'Strategic Assault Choice', 0, 0, 27062);
INSERT IGNORE `playerchoice`(`ChoiceId`, `UiTextureKitId`, `SoundKitId`, `Question`, `HideWarboardHeader`, `KeepOpenAfterChoice`, `VerifiedBuild`) VALUES (70, 0, 0, 'The choice of military operation', 0, 0, 25961);
INSERT IGNORE `playerchoice`(`ChoiceId`, `UiTextureKitId`, `SoundKitId`, `Question`, `HideWarboardHeader`, `KeepOpenAfterChoice`, `VerifiedBuild`) VALUES (72, 0, 0, 'The choice of military operation', 0, 0, 27062);
INSERT IGNORE `playerchoice`(`ChoiceId`, `UiTextureKitId`, `SoundKitId`, `Question`, `HideWarboardHeader`, `KeepOpenAfterChoice`, `VerifiedBuild`) VALUES (86, 0, 0, 'The choice of military operation', 0, 0, 27062);
INSERT IGNORE `playerchoice`(`ChoiceId`, `UiTextureKitId`, `SoundKitId`, `Question`, `HideWarboardHeader`, `KeepOpenAfterChoice`, `VerifiedBuild`) VALUES (87, 0, 0, 'The choice of military operation', 0, 0, 26365);
INSERT IGNORE `playerchoice`(`ChoiceId`, `UiTextureKitId`, `SoundKitId`, `Question`, `HideWarboardHeader`, `KeepOpenAfterChoice`, `VerifiedBuild`) VALUES (91, 0, 0, 'The choice of military operation', 0, 0, 27062);
INSERT IGNORE `playerchoice`(`ChoiceId`, `UiTextureKitId`, `SoundKitId`, `Question`, `HideWarboardHeader`, `KeepOpenAfterChoice`, `VerifiedBuild`) VALUES (95, 0, 0, 'The choice of military operation', 0, 0, 27062);
INSERT IGNORE `playerchoice`(`ChoiceId`, `UiTextureKitId`, `SoundKitId`, `Question`, `HideWarboardHeader`, `KeepOpenAfterChoice`, `VerifiedBuild`) VALUES (99, 0, 0, 'The choice of military operation', 0, 0, 27062);
INSERT IGNORE `playerchoice`(`ChoiceId`, `UiTextureKitId`, `SoundKitId`, `Question`, `HideWarboardHeader`, `KeepOpenAfterChoice`, `VerifiedBuild`) VALUES (109, 0, 0, 'The choice of military operation', 0, 0, 27062);
INSERT IGNORE `playerchoice`(`ChoiceId`, `UiTextureKitId`, `SoundKitId`, `Question`, `HideWarboardHeader`, `KeepOpenAfterChoice`, `VerifiedBuild`) VALUES (116, 0, 0, 'The choice of military operation', 0, 0, 27062);
INSERT IGNORE `playerchoice`(`ChoiceId`, `UiTextureKitId`, `SoundKitId`, `Question`, `HideWarboardHeader`, `KeepOpenAfterChoice`, `VerifiedBuild`) VALUES (120, 0, 0, 'The choice of military operation', 0, 0, 27062);
INSERT IGNORE `playerchoice`(`ChoiceId`, `UiTextureKitId`, `SoundKitId`, `Question`, `HideWarboardHeader`, `KeepOpenAfterChoice`, `VerifiedBuild`) VALUES (128, 0, 0, 'The choice of military operation', 0, 0, 27062);
INSERT IGNORE `playerchoice`(`ChoiceId`, `UiTextureKitId`, `SoundKitId`, `Question`, `HideWarboardHeader`, `KeepOpenAfterChoice`, `VerifiedBuild`) VALUES (135, 0, 0, 'The choice of military operation', 0, 0, 27062);
INSERT IGNORE `playerchoice`(`ChoiceId`, `UiTextureKitId`, `SoundKitId`, `Question`, `HideWarboardHeader`, `KeepOpenAfterChoice`, `VerifiedBuild`) VALUES (140, 0, 0, 'The choice of military operation', 0, 0, 27062);
INSERT IGNORE `playerchoice`(`ChoiceId`, `UiTextureKitId`, `SoundKitId`, `Question`, `HideWarboardHeader`, `KeepOpenAfterChoice`, `VerifiedBuild`) VALUES (141, 0, 0, 'The choice of military operation', 0, 0, 27062);
INSERT IGNORE `playerchoice`(`ChoiceId`, `UiTextureKitId`, `SoundKitId`, `Question`, `HideWarboardHeader`, `KeepOpenAfterChoice`, `VerifiedBuild`) VALUES (147, 0, 0, 'The choice of military operation', 0, 0, 27062);
INSERT IGNORE `playerchoice`(`ChoiceId`, `UiTextureKitId`, `SoundKitId`, `Question`, `HideWarboardHeader`, `KeepOpenAfterChoice`, `VerifiedBuild`) VALUES (150, 0, 0, 'The choice of military operation', 0, 0, 27062);
INSERT IGNORE `playerchoice`(`ChoiceId`, `UiTextureKitId`, `SoundKitId`, `Question`, `HideWarboardHeader`, `KeepOpenAfterChoice`, `VerifiedBuild`) VALUES (151, 0, 0, 'The choice of military operation', 0, 0, 27062);
INSERT IGNORE `playerchoice`(`ChoiceId`, `UiTextureKitId`, `SoundKitId`, `Question`, `HideWarboardHeader`, `KeepOpenAfterChoice`, `VerifiedBuild`) VALUES (152, 0, 0, 'The choice of military operation', 0, 0, 27062);
INSERT IGNORE `playerchoice`(`ChoiceId`, `UiTextureKitId`, `SoundKitId`, `Question`, `HideWarboardHeader`, `KeepOpenAfterChoice`, `VerifiedBuild`) VALUES (154, 0, 0, 'The choice of military operation', 0, 0, 27062);
INSERT IGNORE `playerchoice`(`ChoiceId`, `UiTextureKitId`, `SoundKitId`, `Question`, `HideWarboardHeader`, `KeepOpenAfterChoice`, `VerifiedBuild`) VALUES (158, 0, 0, 'The choice of military operation', 0, 0, 27062);
INSERT IGNORE `playerchoice`(`ChoiceId`, `UiTextureKitId`, `SoundKitId`, `Question`, `HideWarboardHeader`, `KeepOpenAfterChoice`, `VerifiedBuild`) VALUES (160, 0, 0, 'The choice of military operation', 0, 0, 27062);
INSERT IGNORE `playerchoice`(`ChoiceId`, `UiTextureKitId`, `SoundKitId`, `Question`, `HideWarboardHeader`, `KeepOpenAfterChoice`, `VerifiedBuild`) VALUES (161, 0, 0, 'The choice of military operation', 0, 0, 27062);
INSERT IGNORE `playerchoice`(`ChoiceId`, `UiTextureKitId`, `SoundKitId`, `Question`, `HideWarboardHeader`, `KeepOpenAfterChoice`, `VerifiedBuild`) VALUES (164, 0, 0, 'Strategic Assault Choice', 0, 0, 27062);
INSERT IGNORE `playerchoice`(`ChoiceId`, `UiTextureKitId`, `SoundKitId`, `Question`, `HideWarboardHeader`, `KeepOpenAfterChoice`, `VerifiedBuild`) VALUES (165, 0, 0, 'The choice of military operation', 0, 0, 27062);
INSERT IGNORE `playerchoice`(`ChoiceId`, `UiTextureKitId`, `SoundKitId`, `Question`, `HideWarboardHeader`, `KeepOpenAfterChoice`, `VerifiedBuild`) VALUES (166, 0, 0, 'The choice of military operation', 0, 0, 27062);
INSERT IGNORE `playerchoice`(`ChoiceId`, `UiTextureKitId`, `SoundKitId`, `Question`, `HideWarboardHeader`, `KeepOpenAfterChoice`, `VerifiedBuild`) VALUES (169, 0, 0, 'The choice of military operation', 0, 0, 27062);
INSERT IGNORE `playerchoice`(`ChoiceId`, `UiTextureKitId`, `SoundKitId`, `Question`, `HideWarboardHeader`, `KeepOpenAfterChoice`, `VerifiedBuild`) VALUES (172, 0, 0, 'The choice of military operation', 0, 0, 27062);
INSERT IGNORE `playerchoice`(`ChoiceId`, `UiTextureKitId`, `SoundKitId`, `Question`, `HideWarboardHeader`, `KeepOpenAfterChoice`, `VerifiedBuild`) VALUES (174, 0, 0, 'The choice of military operation', 0, 0, 27062);
INSERT IGNORE `playerchoice`(`ChoiceId`, `UiTextureKitId`, `SoundKitId`, `Question`, `HideWarboardHeader`, `KeepOpenAfterChoice`, `VerifiedBuild`) VALUES (192, 0, 0, 'Battle Plan of Tanaan', 0, 0, 27062);
INSERT IGNORE `playerchoice`(`ChoiceId`, `UiTextureKitId`, `SoundKitId`, `Question`, `HideWarboardHeader`, `KeepOpenAfterChoice`, `VerifiedBuild`) VALUES (202, 0, 0, 'Battle Plan of Tanaan', 0, 0, 27062);
INSERT IGNORE `playerchoice`(`ChoiceId`, `UiTextureKitId`, `SoundKitId`, `Question`, `HideWarboardHeader`, `KeepOpenAfterChoice`, `VerifiedBuild`) VALUES (204, 0, 0, 'Battle Plan of Tanaan', 0, 0, 27062);
INSERT IGNORE `playerchoice`(`ChoiceId`, `UiTextureKitId`, `SoundKitId`, `Question`, `HideWarboardHeader`, `KeepOpenAfterChoice`, `VerifiedBuild`) VALUES (231, 0, 0, 'Which demon hunter specialization do you want to learn?', 0, 0, 37474);
INSERT IGNORE `playerchoice`(`ChoiceId`, `UiTextureKitId`, `SoundKitId`, `Question`, `HideWarboardHeader`, `KeepOpenAfterChoice`, `VerifiedBuild`) VALUES (234, 0, 0, 'Which follower will you choose?', 0, 0, 37474);
INSERT IGNORE `playerchoice`(`ChoiceId`, `UiTextureKitId`, `SoundKitId`, `Question`, `HideWarboardHeader`, `KeepOpenAfterChoice`, `VerifiedBuild`) VALUES (235, 0, 0, 'Which weapon should we pursue first?', 0, 0, 27062);
INSERT IGNORE `playerchoice`(`ChoiceId`, `UiTextureKitId`, `SoundKitId`, `Question`, `HideWarboardHeader`, `KeepOpenAfterChoice`, `VerifiedBuild`) VALUES (236, 0, 0, 'Which weapon will you claim first?', 0, 0, 27062);
INSERT IGNORE `playerchoice`(`ChoiceId`, `UiTextureKitId`, `SoundKitId`, `Question`, `HideWarboardHeader`, `KeepOpenAfterChoice`, `VerifiedBuild`) VALUES (237, 0, 0, 'I will show how one of these stones can be cut. Which sketch do you want to study?', 0, 0, 27062);
INSERT IGNORE `playerchoice`(`ChoiceId`, `UiTextureKitId`, `SoundKitId`, `Question`, `HideWarboardHeader`, `KeepOpenAfterChoice`, `VerifiedBuild`) VALUES (238, 0, 0, 'Which ring do you want to make? The type of gem that will be needed for work depends on this.', 0, 0, 27062);
INSERT IGNORE `playerchoice`(`ChoiceId`, `UiTextureKitId`, `SoundKitId`, `Question`, `HideWarboardHeader`, `KeepOpenAfterChoice`, `VerifiedBuild`) VALUES (240, 0, 0, 'Which weapon should we pursue first?', 0, 0, 27062);
INSERT IGNORE `playerchoice`(`ChoiceId`, `UiTextureKitId`, `SoundKitId`, `Question`, `HideWarboardHeader`, `KeepOpenAfterChoice`, `VerifiedBuild`) VALUES (242, 0, 0, 'Which weapon should we pursue first?', 0, 0, 27062);
INSERT IGNORE `playerchoice`(`ChoiceId`, `UiTextureKitId`, `SoundKitId`, `Question`, `HideWarboardHeader`, `KeepOpenAfterChoice`, `VerifiedBuild`) VALUES (245, 0, 0, 'Which weapon should we pursue first?', 0, 0, 27062);
INSERT IGNORE `playerchoice`(`ChoiceId`, `UiTextureKitId`, `SoundKitId`, `Question`, `HideWarboardHeader`, `KeepOpenAfterChoice`, `VerifiedBuild`) VALUES (246, 0, 0, 'What sketch should Jabrul show?', 0, 0, 27062);
INSERT IGNORE `playerchoice`(`ChoiceId`, `UiTextureKitId`, `SoundKitId`, `Question`, `HideWarboardHeader`, `KeepOpenAfterChoice`, `VerifiedBuild`) VALUES (247, 0, 0, 'Which weapon should we pursue first?', 0, 0, 27062);
INSERT IGNORE `playerchoice`(`ChoiceId`, `UiTextureKitId`, `SoundKitId`, `Question`, `HideWarboardHeader`, `KeepOpenAfterChoice`, `VerifiedBuild`) VALUES (248, 0, 0, 'Which weapon should we pursue first?', 0, 0, 27062);
INSERT IGNORE `playerchoice`(`ChoiceId`, `UiTextureKitId`, `SoundKitId`, `Question`, `HideWarboardHeader`, `KeepOpenAfterChoice`, `VerifiedBuild`) VALUES (253, 0, 0, 'Which weapon should we pursue first?', 0, 0, 27062);
INSERT IGNORE `playerchoice`(`ChoiceId`, `UiTextureKitId`, `SoundKitId`, `Question`, `HideWarboardHeader`, `KeepOpenAfterChoice`, `VerifiedBuild`) VALUES (255, 0, 0, 'Which weapon should we pursue first?', 0, 0, 27062);
INSERT IGNORE `playerchoice`(`ChoiceId`, `UiTextureKitId`, `SoundKitId`, `Question`, `HideWarboardHeader`, `KeepOpenAfterChoice`, `VerifiedBuild`) VALUES (262, 0, 0, 'What weapons should we look for in the first place?', 0, 0, 27602);
INSERT IGNORE `playerchoice`(`ChoiceId`, `UiTextureKitId`, `SoundKitId`, `Question`, `HideWarboardHeader`, `KeepOpenAfterChoice`, `VerifiedBuild`) VALUES (265, 0, 0, 'Which weapon should we pursue first?', 0, 0, 27062);
INSERT IGNORE `playerchoice`(`ChoiceId`, `UiTextureKitId`, `SoundKitId`, `Question`, `HideWarboardHeader`, `KeepOpenAfterChoice`, `VerifiedBuild`) VALUES (266, 0, 0, 'Which weapon should we pursue first?', 0, 0, 27062);
INSERT IGNORE `playerchoice`(`ChoiceId`, `UiTextureKitId`, `SoundKitId`, `Question`, `HideWarboardHeader`, `KeepOpenAfterChoice`, `VerifiedBuild`) VALUES (270, 0, 0, 'Do you want to start your search for a second artifact weapon?', 0, 0, 27062);
INSERT IGNORE `playerchoice`(`ChoiceId`, `UiTextureKitId`, `SoundKitId`, `Question`, `HideWarboardHeader`, `KeepOpenAfterChoice`, `VerifiedBuild`) VALUES (273, 0, 0, 'Do you want to start your search for a second artifact weapon?', 0, 0, 27062);
INSERT IGNORE `playerchoice`(`ChoiceId`, `UiTextureKitId`, `SoundKitId`, `Question`, `HideWarboardHeader`, `KeepOpenAfterChoice`, `VerifiedBuild`) VALUES (274, 0, 0, 'What weapons should we look for next?', 0, 0, 27062);
INSERT IGNORE `playerchoice`(`ChoiceId`, `UiTextureKitId`, `SoundKitId`, `Question`, `HideWarboardHeader`, `KeepOpenAfterChoice`, `VerifiedBuild`) VALUES (275, 0, 0, 'Do you want to start your search for a second artifact weapon?', 0, 0, 27062);
INSERT IGNORE `playerchoice`(`ChoiceId`, `UiTextureKitId`, `SoundKitId`, `Question`, `HideWarboardHeader`, `KeepOpenAfterChoice`, `VerifiedBuild`) VALUES (277, 0, 0, 'Do you want to start your search for a second artifact weapon?', 0, 0, 27062);
INSERT IGNORE `playerchoice`(`ChoiceId`, `UiTextureKitId`, `SoundKitId`, `Question`, `HideWarboardHeader`, `KeepOpenAfterChoice`, `VerifiedBuild`) VALUES (279, 0, 0, 'Do you want to start your search for a second artifact weapon?', 0, 0, 27062);
INSERT IGNORE `playerchoice`(`ChoiceId`, `UiTextureKitId`, `SoundKitId`, `Question`, `HideWarboardHeader`, `KeepOpenAfterChoice`, `VerifiedBuild`) VALUES (280, 0, 0, 'Do you want to start your search for a second artifact weapon?', 0, 0, 27062);
INSERT IGNORE `playerchoice`(`ChoiceId`, `UiTextureKitId`, `SoundKitId`, `Question`, `HideWarboardHeader`, `KeepOpenAfterChoice`, `VerifiedBuild`) VALUES (282, 0, 0, 'Do you want to start your search for a second artifact weapon?', 0, 0, 27062);
INSERT IGNORE `playerchoice`(`ChoiceId`, `UiTextureKitId`, `SoundKitId`, `Question`, `HideWarboardHeader`, `KeepOpenAfterChoice`, `VerifiedBuild`) VALUES (284, 0, 0, 'Do you want to start looking for another artifact weapon?', 0, 0, 27062);
INSERT IGNORE `playerchoice`(`ChoiceId`, `UiTextureKitId`, `SoundKitId`, `Question`, `HideWarboardHeader`, `KeepOpenAfterChoice`, `VerifiedBuild`) VALUES (287, 0, 0, 'Do you want to start looking for another artifact weapon?', 0, 0, 27062);
INSERT IGNORE `playerchoice`(`ChoiceId`, `UiTextureKitId`, `SoundKitId`, `Question`, `HideWarboardHeader`, `KeepOpenAfterChoice`, `VerifiedBuild`) VALUES (288, 0, 0, 'Do you want to start looking for another artifact weapon?', 0, 0, 27062);
INSERT IGNORE `playerchoice`(`ChoiceId`, `UiTextureKitId`, `SoundKitId`, `Question`, `HideWarboardHeader`, `KeepOpenAfterChoice`, `VerifiedBuild`) VALUES (292, 0, 0, 'Do you want to start your search for artifact weapons?', 0, 0, 27062);
INSERT IGNORE `playerchoice`(`ChoiceId`, `UiTextureKitId`, `SoundKitId`, `Question`, `HideWarboardHeader`, `KeepOpenAfterChoice`, `VerifiedBuild`) VALUES (308, 0, 0, 'Which of the possible allies do you want to attract?', 1, 0, 26654);
INSERT IGNORE `playerchoice`(`ChoiceId`, `UiTextureKitId`, `SoundKitId`, `Question`, `HideWarboardHeader`, `KeepOpenAfterChoice`, `VerifiedBuild`) VALUES (317, 0, 0, 'Select Vindicar ability to use on Argus.', 0, 0, 27602);
INSERT IGNORE `playerchoice`(`ChoiceId`, `UiTextureKitId`, `SoundKitId`, `Question`, `HideWarboardHeader`, `KeepOpenAfterChoice`, `VerifiedBuild`) VALUES (322, 0, 0, 'Which of the possible allies do you want to attract?', 1, 0, 26822);
INSERT IGNORE `playerchoice`(`ChoiceId`, `UiTextureKitId`, `SoundKitId`, `Question`, `HideWarboardHeader`, `KeepOpenAfterChoice`, `VerifiedBuild`) VALUES (342, 262, 0, 'The Warchief needs you! Take a flyer.', 0, 0, 31478);
INSERT IGNORE `playerchoice`(`ChoiceId`, `UiTextureKitId`, `SoundKitId`, `Question`, `HideWarboardHeader`, `KeepOpenAfterChoice`, `VerifiedBuild`) VALUES (352, 261, 0, 'The king is calling you! Fly out.', 0, 0, 26365);
INSERT IGNORE `playerchoice`(`ChoiceId`, `UiTextureKitId`, `SoundKitId`, `Question`, `HideWarboardHeader`, `KeepOpenAfterChoice`, `VerifiedBuild`) VALUES (504, 262, 0, 'The following missions are for lower-level adventurers.', 0, 0, 40944);
INSERT IGNORE `playerchoice`(`ChoiceId`, `UiTextureKitId`, `SoundKitId`, `Question`, `HideWarboardHeader`, `KeepOpenAfterChoice`, `VerifiedBuild`) VALUES (505, 261, 0, 'Las siguientes misiones son para aventureros de nivel m¨¢s bajo.', 0, 0, 38134);
INSERT IGNORE `playerchoice`(`ChoiceId`, `UiTextureKitId`, `SoundKitId`, `Question`, `HideWarboardHeader`, `KeepOpenAfterChoice`, `VerifiedBuild`) VALUES (508, 261, 0, 'Frentes de batalla', 0, 0, 38134);
INSERT IGNORE `playerchoice`(`ChoiceId`, `UiTextureKitId`, `SoundKitId`, `Question`, `HideWarboardHeader`, `KeepOpenAfterChoice`, `VerifiedBuild`) VALUES (509, 262, 0, '', 0, 0, 29297);
INSERT IGNORE `playerchoice`(`ChoiceId`, `UiTextureKitId`, `SoundKitId`, `Question`, `HideWarboardHeader`, `KeepOpenAfterChoice`, `VerifiedBuild`) VALUES (529, 262, 0, '??? ???hGastar |cFFFFFFFF8', 0, 0, 29297);
INSERT IGNORE `playerchoice`(`ChoiceId`, `UiTextureKitId`, `SoundKitId`, `Question`, `HideWarboardHeader`, `KeepOpenAfterChoice`, `VerifiedBuild`) VALUES (533, 262, 0, '', 0, 1, 29297);
INSERT IGNORE `playerchoice`(`ChoiceId`, `UiTextureKitId`, `SoundKitId`, `Question`, `HideWarboardHeader`, `KeepOpenAfterChoice`, `VerifiedBuild`) VALUES (535, 262, 0, '', 0, 1, 29297);
INSERT IGNORE `playerchoice`(`ChoiceId`, `UiTextureKitId`, `SoundKitId`, `Question`, `HideWarboardHeader`, `KeepOpenAfterChoice`, `VerifiedBuild`) VALUES (537, 262, 0, '', 0, 1, 29297);
INSERT IGNORE `playerchoice`(`ChoiceId`, `UiTextureKitId`, `SoundKitId`, `Question`, `HideWarboardHeader`, `KeepOpenAfterChoice`, `VerifiedBuild`) VALUES (573, 5275, 168437, '', 0, 0, 38134);
INSERT IGNORE `playerchoice`(`ChoiceId`, `UiTextureKitId`, `SoundKitId`, `Question`, `HideWarboardHeader`, `KeepOpenAfterChoice`, `VerifiedBuild`) VALUES (598, 5275, 168437, '', 0, 0, 38134);
INSERT IGNORE `playerchoice`(`ChoiceId`, `UiTextureKitId`, `SoundKitId`, `Question`, `HideWarboardHeader`, `KeepOpenAfterChoice`, `VerifiedBuild`) VALUES (611, 5275, 168437, 'c?4????-wEl ¨¢nima toma la', 0, 0, 38134);
INSERT IGNORE `playerchoice`(`ChoiceId`, `UiTextureKitId`, `SoundKitId`, `Question`, `HideWarboardHeader`, `KeepOpenAfterChoice`, `VerifiedBuild`) VALUES (612, 5252, 0, '?Qu¨¦ aliado te acompa?ar¨¢ hoy?', 0, 0, 38134);
INSERT IGNORE `playerchoice`(`ChoiceId`, `UiTextureKitId`, `SoundKitId`, `Question`, `HideWarboardHeader`, `KeepOpenAfterChoice`, `VerifiedBuild`) VALUES (644, 0, 0, '\nWhich covenant do you want to join???', 0, 0, 38134);
INSERT IGNORE `playerchoice`(`ChoiceId`, `UiTextureKitId`, `SoundKitId`, `Question`, `HideWarboardHeader`, `KeepOpenAfterChoice`, `VerifiedBuild`) VALUES (667, 263, 0, 'Elige tu experiencia de Shadowlands', 0, 0, 38134);
INSERT IGNORE `playerchoice`(`ChoiceId`, `UiTextureKitId`, `SoundKitId`, `Question`, `HideWarboardHeader`, `KeepOpenAfterChoice`, `VerifiedBuild`) VALUES (10000, 5284, 172614, 'Which covenant will you join?', 0, 0, 0);
INSERT IGNORE `playerchoice`(`ChoiceId`, `UiTextureKitId`, `SoundKitId`, `Question`, `HideWarboardHeader`, `KeepOpenAfterChoice`, `VerifiedBuild`) VALUES (10001, 5283, 172614, 'Which covenant will you join?', 0, 0, 0);
INSERT IGNORE `playerchoice`(`ChoiceId`, `UiTextureKitId`, `SoundKitId`, `Question`, `HideWarboardHeader`, `KeepOpenAfterChoice`, `VerifiedBuild`) VALUES (10002, 5283, 172614, 'Who likes DekkCore? Everyone..', 0, 0, 0);
INSERT IGNORE `playerchoice`(`ChoiceId`, `UiTextureKitId`, `SoundKitId`, `Question`, `HideWarboardHeader`, `KeepOpenAfterChoice`, `VerifiedBuild`) VALUES (10003, 5285, 172614, 'Who likes DekkCore? Everyone..', 0, 0, 0);
INSERT IGNORE `playerchoice`(`ChoiceId`, `UiTextureKitId`, `SoundKitId`, `Question`, `HideWarboardHeader`, `KeepOpenAfterChoice`, `VerifiedBuild`) VALUES (10004, 5287, 172614, 'Who likes DekkCore? Everyone..', 0, 0, 0);
INSERT IGNORE `playerchoice`(`ChoiceId`, `UiTextureKitId`, `SoundKitId`, `Question`, `HideWarboardHeader`, `KeepOpenAfterChoice`, `VerifiedBuild`) VALUES (10005, 5287, 0, 'Test', 1, 0, 0);
INSERT IGNORE `playerchoice`(`ChoiceId`, `UiTextureKitId`, `SoundKitId`, `Question`, `HideWarboardHeader`, `KeepOpenAfterChoice`, `VerifiedBuild`) VALUES (10006, 261, 0, 'The King needs you! Please Take a flyer!', 0, 0, 0);
INSERT IGNORE `playerchoice`(`ChoiceId`, `UiTextureKitId`, `SoundKitId`, `Question`, `HideWarboardHeader`, `KeepOpenAfterChoice`, `VerifiedBuild`) VALUES (10007, 262, 0, 'Choice Test Horde', 0, 0, 0);
INSERT IGNORE `playerchoice`(`ChoiceId`, `UiTextureKitId`, `SoundKitId`, `Question`, `HideWarboardHeader`, `KeepOpenAfterChoice`, `VerifiedBuild`) VALUES (10008, 263, 0, 'Choice Test Neutral', 0, 0, 0);
INSERT IGNORE `playerchoice_response_reward`(`ChoiceId`, `ResponseId`, `TitleId`, `PackageId`, `SkillLineId`, `SkillPointCount`, `ArenaPointCount`, `HonorPointCount`, `Money`, `Xp`, `VerifiedBuild`) VALUES (51, 119, 0, 0, 0, 0, 0, 0, 0, 0, 27062);
INSERT IGNORE `playerchoice_response_reward`(`ChoiceId`, `ResponseId`, `TitleId`, `PackageId`, `SkillLineId`, `SkillPointCount`, `ArenaPointCount`, `HonorPointCount`, `Money`, `Xp`, `VerifiedBuild`) VALUES (51, 120, 0, 0, 0, 0, 0, 0, 0, 0, 27062);
INSERT IGNORE `playerchoice_response_reward`(`ChoiceId`, `ResponseId`, `TitleId`, `PackageId`, `SkillLineId`, `SkillPointCount`, `ArenaPointCount`, `HonorPointCount`, `Money`, `Xp`, `VerifiedBuild`) VALUES (52, 121, 0, 0, 0, 0, 0, 0, 0, 0, 27062);
INSERT IGNORE `playerchoice_response_reward`(`ChoiceId`, `ResponseId`, `TitleId`, `PackageId`, `SkillLineId`, `SkillPointCount`, `ArenaPointCount`, `HonorPointCount`, `Money`, `Xp`, `VerifiedBuild`) VALUES (52, 122, 0, 0, 0, 0, 0, 0, 0, 0, 27062);
INSERT IGNORE `playerchoice_response_reward`(`ChoiceId`, `ResponseId`, `TitleId`, `PackageId`, `SkillLineId`, `SkillPointCount`, `ArenaPointCount`, `HonorPointCount`, `Money`, `Xp`, `VerifiedBuild`) VALUES (53, 123, 0, 0, 0, 0, 0, 0, 0, 0, 27062);
INSERT IGNORE `playerchoice_response_reward`(`ChoiceId`, `ResponseId`, `TitleId`, `PackageId`, `SkillLineId`, `SkillPointCount`, `ArenaPointCount`, `HonorPointCount`, `Money`, `Xp`, `VerifiedBuild`) VALUES (53, 124, 0, 0, 0, 0, 0, 0, 0, 0, 27062);
INSERT IGNORE `playerchoice_response_reward`(`ChoiceId`, `ResponseId`, `TitleId`, `PackageId`, `SkillLineId`, `SkillPointCount`, `ArenaPointCount`, `HonorPointCount`, `Money`, `Xp`, `VerifiedBuild`) VALUES (54, 125, 0, 0, 0, 0, 0, 0, 0, 0, 27062);
INSERT IGNORE `playerchoice_response_reward`(`ChoiceId`, `ResponseId`, `TitleId`, `PackageId`, `SkillLineId`, `SkillPointCount`, `ArenaPointCount`, `HonorPointCount`, `Money`, `Xp`, `VerifiedBuild`) VALUES (54, 126, 0, 0, 0, 0, 0, 0, 0, 0, 27062);
INSERT IGNORE `playerchoice_response_reward`(`ChoiceId`, `ResponseId`, `TitleId`, `PackageId`, `SkillLineId`, `SkillPointCount`, `ArenaPointCount`, `HonorPointCount`, `Money`, `Xp`, `VerifiedBuild`) VALUES (55, 127, 0, 0, 0, 0, 0, 0, 0, 0, 27062);
INSERT IGNORE `playerchoice_response_reward`(`ChoiceId`, `ResponseId`, `TitleId`, `PackageId`, `SkillLineId`, `SkillPointCount`, `ArenaPointCount`, `HonorPointCount`, `Money`, `Xp`, `VerifiedBuild`) VALUES (55, 128, 0, 0, 0, 0, 0, 0, 0, 0, 27062);
INSERT IGNORE `playerchoice_response_reward`(`ChoiceId`, `ResponseId`, `TitleId`, `PackageId`, `SkillLineId`, `SkillPointCount`, `ArenaPointCount`, `HonorPointCount`, `Money`, `Xp`, `VerifiedBuild`) VALUES (56, 129, 0, 0, 0, 0, 0, 0, 0, 0, 27062);
INSERT IGNORE `playerchoice_response_reward`(`ChoiceId`, `ResponseId`, `TitleId`, `PackageId`, `SkillLineId`, `SkillPointCount`, `ArenaPointCount`, `HonorPointCount`, `Money`, `Xp`, `VerifiedBuild`) VALUES (56, 130, 0, 0, 0, 0, 0, 0, 0, 0, 27062);
INSERT IGNORE `playerchoice_response_reward`(`ChoiceId`, `ResponseId`, `TitleId`, `PackageId`, `SkillLineId`, `SkillPointCount`, `ArenaPointCount`, `HonorPointCount`, `Money`, `Xp`, `VerifiedBuild`) VALUES (57, 131, 0, 0, 0, 0, 0, 0, 0, 0, 27062);
INSERT IGNORE `playerchoice_response_reward`(`ChoiceId`, `ResponseId`, `TitleId`, `PackageId`, `SkillLineId`, `SkillPointCount`, `ArenaPointCount`, `HonorPointCount`, `Money`, `Xp`, `VerifiedBuild`) VALUES (57, 132, 0, 0, 0, 0, 0, 0, 0, 0, 27062);
INSERT IGNORE `playerchoice_response_reward`(`ChoiceId`, `ResponseId`, `TitleId`, `PackageId`, `SkillLineId`, `SkillPointCount`, `ArenaPointCount`, `HonorPointCount`, `Money`, `Xp`, `VerifiedBuild`) VALUES (58, 133, 0, 0, 0, 0, 0, 0, 0, 0, 27062);
INSERT IGNORE `playerchoice_response_reward`(`ChoiceId`, `ResponseId`, `TitleId`, `PackageId`, `SkillLineId`, `SkillPointCount`, `ArenaPointCount`, `HonorPointCount`, `Money`, `Xp`, `VerifiedBuild`) VALUES (58, 134, 0, 0, 0, 0, 0, 0, 0, 0, 27062);
INSERT IGNORE `playerchoice_response_reward`(`ChoiceId`, `ResponseId`, `TitleId`, `PackageId`, `SkillLineId`, `SkillPointCount`, `ArenaPointCount`, `HonorPointCount`, `Money`, `Xp`, `VerifiedBuild`) VALUES (63, 143, 0, 0, 0, 0, 0, 0, 462000, 0, 27062);
INSERT IGNORE `playerchoice_response_reward`(`ChoiceId`, `ResponseId`, `TitleId`, `PackageId`, `SkillLineId`, `SkillPointCount`, `ArenaPointCount`, `HonorPointCount`, `Money`, `Xp`, `VerifiedBuild`) VALUES (63, 144, 0, 0, 0, 0, 0, 0, 462000, 0, 27062);
INSERT IGNORE `playerchoice_response_reward`(`ChoiceId`, `ResponseId`, `TitleId`, `PackageId`, `SkillLineId`, `SkillPointCount`, `ArenaPointCount`, `HonorPointCount`, `Money`, `Xp`, `VerifiedBuild`) VALUES (65, 147, 0, 0, 0, 0, 0, 0, 462000, 0, 27062);
INSERT IGNORE `playerchoice_response_reward`(`ChoiceId`, `ResponseId`, `TitleId`, `PackageId`, `SkillLineId`, `SkillPointCount`, `ArenaPointCount`, `HonorPointCount`, `Money`, `Xp`, `VerifiedBuild`) VALUES (65, 148, 0, 0, 0, 0, 0, 0, 616000, 0, 27062);
INSERT IGNORE `playerchoice_response_reward`(`ChoiceId`, `ResponseId`, `TitleId`, `PackageId`, `SkillLineId`, `SkillPointCount`, `ArenaPointCount`, `HonorPointCount`, `Money`, `Xp`, `VerifiedBuild`) VALUES (70, 157, 0, 0, 0, 0, 0, 0, 462000, 1250, 25961);
INSERT IGNORE `playerchoice_response_reward`(`ChoiceId`, `ResponseId`, `TitleId`, `PackageId`, `SkillLineId`, `SkillPointCount`, `ArenaPointCount`, `HonorPointCount`, `Money`, `Xp`, `VerifiedBuild`) VALUES (70, 158, 0, 0, 0, 0, 0, 0, 616000, 1250, 25961);
INSERT IGNORE `playerchoice_response_reward`(`ChoiceId`, `ResponseId`, `TitleId`, `PackageId`, `SkillLineId`, `SkillPointCount`, `ArenaPointCount`, `HonorPointCount`, `Money`, `Xp`, `VerifiedBuild`) VALUES (72, 161, 0, 0, 0, 0, 0, 0, 462000, 0, 27062);
INSERT IGNORE `playerchoice_response_reward`(`ChoiceId`, `ResponseId`, `TitleId`, `PackageId`, `SkillLineId`, `SkillPointCount`, `ArenaPointCount`, `HonorPointCount`, `Money`, `Xp`, `VerifiedBuild`) VALUES (72, 162, 0, 0, 0, 0, 0, 0, 616000, 0, 27062);
INSERT IGNORE `playerchoice_response_reward`(`ChoiceId`, `ResponseId`, `TitleId`, `PackageId`, `SkillLineId`, `SkillPointCount`, `ArenaPointCount`, `HonorPointCount`, `Money`, `Xp`, `VerifiedBuild`) VALUES (86, 189, 0, 0, 0, 0, 0, 0, 462000, 0, 27062);
INSERT IGNORE `playerchoice_response_reward`(`ChoiceId`, `ResponseId`, `TitleId`, `PackageId`, `SkillLineId`, `SkillPointCount`, `ArenaPointCount`, `HonorPointCount`, `Money`, `Xp`, `VerifiedBuild`) VALUES (86, 190, 0, 0, 0, 0, 0, 0, 616000, 0, 27062);
INSERT IGNORE `playerchoice_response_reward`(`ChoiceId`, `ResponseId`, `TitleId`, `PackageId`, `SkillLineId`, `SkillPointCount`, `ArenaPointCount`, `HonorPointCount`, `Money`, `Xp`, `VerifiedBuild`) VALUES (87, 191, 0, 0, 0, 0, 0, 0, 462000, 0, 26365);
INSERT IGNORE `playerchoice_response_reward`(`ChoiceId`, `ResponseId`, `TitleId`, `PackageId`, `SkillLineId`, `SkillPointCount`, `ArenaPointCount`, `HonorPointCount`, `Money`, `Xp`, `VerifiedBuild`) VALUES (87, 192, 0, 0, 0, 0, 0, 0, 616000, 0, 26365);
INSERT IGNORE `playerchoice_response_reward`(`ChoiceId`, `ResponseId`, `TitleId`, `PackageId`, `SkillLineId`, `SkillPointCount`, `ArenaPointCount`, `HonorPointCount`, `Money`, `Xp`, `VerifiedBuild`) VALUES (91, 199, 0, 0, 0, 0, 0, 0, 462000, 0, 27062);
INSERT IGNORE `playerchoice_response_reward`(`ChoiceId`, `ResponseId`, `TitleId`, `PackageId`, `SkillLineId`, `SkillPointCount`, `ArenaPointCount`, `HonorPointCount`, `Money`, `Xp`, `VerifiedBuild`) VALUES (91, 200, 0, 0, 0, 0, 0, 0, 616000, 0, 27062);
INSERT IGNORE `playerchoice_response_reward`(`ChoiceId`, `ResponseId`, `TitleId`, `PackageId`, `SkillLineId`, `SkillPointCount`, `ArenaPointCount`, `HonorPointCount`, `Money`, `Xp`, `VerifiedBuild`) VALUES (95, 207, 0, 0, 0, 0, 0, 0, 462000, 0, 27062);
INSERT IGNORE `playerchoice_response_reward`(`ChoiceId`, `ResponseId`, `TitleId`, `PackageId`, `SkillLineId`, `SkillPointCount`, `ArenaPointCount`, `HonorPointCount`, `Money`, `Xp`, `VerifiedBuild`) VALUES (95, 208, 0, 0, 0, 0, 0, 0, 462000, 0, 27062);
INSERT IGNORE `playerchoice_response_reward`(`ChoiceId`, `ResponseId`, `TitleId`, `PackageId`, `SkillLineId`, `SkillPointCount`, `ArenaPointCount`, `HonorPointCount`, `Money`, `Xp`, `VerifiedBuild`) VALUES (99, 215, 0, 0, 0, 0, 0, 0, 462000, 0, 27062);
INSERT IGNORE `playerchoice_response_reward`(`ChoiceId`, `ResponseId`, `TitleId`, `PackageId`, `SkillLineId`, `SkillPointCount`, `ArenaPointCount`, `HonorPointCount`, `Money`, `Xp`, `VerifiedBuild`) VALUES (99, 216, 0, 0, 0, 0, 0, 0, 462000, 0, 27062);
INSERT IGNORE `playerchoice_response_reward`(`ChoiceId`, `ResponseId`, `TitleId`, `PackageId`, `SkillLineId`, `SkillPointCount`, `ArenaPointCount`, `HonorPointCount`, `Money`, `Xp`, `VerifiedBuild`) VALUES (109, 235, 0, 0, 0, 0, 0, 0, 462000, 0, 27062);
INSERT IGNORE `playerchoice_response_reward`(`ChoiceId`, `ResponseId`, `TitleId`, `PackageId`, `SkillLineId`, `SkillPointCount`, `ArenaPointCount`, `HonorPointCount`, `Money`, `Xp`, `VerifiedBuild`) VALUES (109, 236, 0, 0, 0, 0, 0, 0, 462000, 0, 27062);
INSERT IGNORE `playerchoice_response_reward`(`ChoiceId`, `ResponseId`, `TitleId`, `PackageId`, `SkillLineId`, `SkillPointCount`, `ArenaPointCount`, `HonorPointCount`, `Money`, `Xp`, `VerifiedBuild`) VALUES (116, 249, 0, 0, 0, 0, 0, 0, 462000, 0, 27062);
INSERT IGNORE `playerchoice_response_reward`(`ChoiceId`, `ResponseId`, `TitleId`, `PackageId`, `SkillLineId`, `SkillPointCount`, `ArenaPointCount`, `HonorPointCount`, `Money`, `Xp`, `VerifiedBuild`) VALUES (116, 250, 0, 0, 0, 0, 0, 0, 616000, 0, 27062);
INSERT IGNORE `playerchoice_response_reward`(`ChoiceId`, `ResponseId`, `TitleId`, `PackageId`, `SkillLineId`, `SkillPointCount`, `ArenaPointCount`, `HonorPointCount`, `Money`, `Xp`, `VerifiedBuild`) VALUES (120, 257, 0, 0, 0, 0, 0, 0, 462000, 0, 27062);
INSERT IGNORE `playerchoice_response_reward`(`ChoiceId`, `ResponseId`, `TitleId`, `PackageId`, `SkillLineId`, `SkillPointCount`, `ArenaPointCount`, `HonorPointCount`, `Money`, `Xp`, `VerifiedBuild`) VALUES (120, 258, 0, 0, 0, 0, 0, 0, 616000, 0, 27062);
INSERT IGNORE `playerchoice_response_reward`(`ChoiceId`, `ResponseId`, `TitleId`, `PackageId`, `SkillLineId`, `SkillPointCount`, `ArenaPointCount`, `HonorPointCount`, `Money`, `Xp`, `VerifiedBuild`) VALUES (128, 273, 0, 0, 0, 0, 0, 0, 462000, 0, 27062);
INSERT IGNORE `playerchoice_response_reward`(`ChoiceId`, `ResponseId`, `TitleId`, `PackageId`, `SkillLineId`, `SkillPointCount`, `ArenaPointCount`, `HonorPointCount`, `Money`, `Xp`, `VerifiedBuild`) VALUES (128, 274, 0, 0, 0, 0, 0, 0, 616000, 0, 27062);
INSERT IGNORE `playerchoice_response_reward`(`ChoiceId`, `ResponseId`, `TitleId`, `PackageId`, `SkillLineId`, `SkillPointCount`, `ArenaPointCount`, `HonorPointCount`, `Money`, `Xp`, `VerifiedBuild`) VALUES (135, 287, 0, 0, 0, 0, 0, 0, 462000, 0, 27062);
INSERT IGNORE `playerchoice_response_reward`(`ChoiceId`, `ResponseId`, `TitleId`, `PackageId`, `SkillLineId`, `SkillPointCount`, `ArenaPointCount`, `HonorPointCount`, `Money`, `Xp`, `VerifiedBuild`) VALUES (135, 288, 0, 0, 0, 0, 0, 0, 616000, 0, 27062);
INSERT IGNORE `playerchoice_response_reward`(`ChoiceId`, `ResponseId`, `TitleId`, `PackageId`, `SkillLineId`, `SkillPointCount`, `ArenaPointCount`, `HonorPointCount`, `Money`, `Xp`, `VerifiedBuild`) VALUES (140, 297, 0, 0, 0, 0, 0, 0, 462000, 0, 27062);
INSERT IGNORE `playerchoice_response_reward`(`ChoiceId`, `ResponseId`, `TitleId`, `PackageId`, `SkillLineId`, `SkillPointCount`, `ArenaPointCount`, `HonorPointCount`, `Money`, `Xp`, `VerifiedBuild`) VALUES (140, 298, 0, 0, 0, 0, 0, 0, 616000, 0, 27062);
INSERT IGNORE `playerchoice_response_reward`(`ChoiceId`, `ResponseId`, `TitleId`, `PackageId`, `SkillLineId`, `SkillPointCount`, `ArenaPointCount`, `HonorPointCount`, `Money`, `Xp`, `VerifiedBuild`) VALUES (141, 299, 0, 0, 0, 0, 0, 0, 462000, 0, 27062);
INSERT IGNORE `playerchoice_response_reward`(`ChoiceId`, `ResponseId`, `TitleId`, `PackageId`, `SkillLineId`, `SkillPointCount`, `ArenaPointCount`, `HonorPointCount`, `Money`, `Xp`, `VerifiedBuild`) VALUES (141, 300, 0, 0, 0, 0, 0, 0, 616000, 0, 27062);
INSERT IGNORE `playerchoice_response_reward`(`ChoiceId`, `ResponseId`, `TitleId`, `PackageId`, `SkillLineId`, `SkillPointCount`, `ArenaPointCount`, `HonorPointCount`, `Money`, `Xp`, `VerifiedBuild`) VALUES (147, 311, 0, 0, 0, 0, 0, 0, 509400, 1350, 40120);
INSERT IGNORE `playerchoice_response_reward`(`ChoiceId`, `ResponseId`, `TitleId`, `PackageId`, `SkillLineId`, `SkillPointCount`, `ArenaPointCount`, `HonorPointCount`, `Money`, `Xp`, `VerifiedBuild`) VALUES (147, 312, 0, 0, 0, 0, 0, 0, 679200, 1350, 40120);
INSERT IGNORE `playerchoice_response_reward`(`ChoiceId`, `ResponseId`, `TitleId`, `PackageId`, `SkillLineId`, `SkillPointCount`, `ArenaPointCount`, `HonorPointCount`, `Money`, `Xp`, `VerifiedBuild`) VALUES (150, 317, 0, 0, 0, 0, 0, 0, 462000, 0, 27062);
INSERT IGNORE `playerchoice_response_reward`(`ChoiceId`, `ResponseId`, `TitleId`, `PackageId`, `SkillLineId`, `SkillPointCount`, `ArenaPointCount`, `HonorPointCount`, `Money`, `Xp`, `VerifiedBuild`) VALUES (150, 318, 0, 0, 0, 0, 0, 0, 616000, 0, 27062);
INSERT IGNORE `playerchoice_response_reward`(`ChoiceId`, `ResponseId`, `TitleId`, `PackageId`, `SkillLineId`, `SkillPointCount`, `ArenaPointCount`, `HonorPointCount`, `Money`, `Xp`, `VerifiedBuild`) VALUES (151, 319, 0, 0, 0, 0, 0, 0, 462000, 0, 27062);
INSERT IGNORE `playerchoice_response_reward`(`ChoiceId`, `ResponseId`, `TitleId`, `PackageId`, `SkillLineId`, `SkillPointCount`, `ArenaPointCount`, `HonorPointCount`, `Money`, `Xp`, `VerifiedBuild`) VALUES (151, 320, 0, 0, 0, 0, 0, 0, 616000, 0, 27062);
INSERT IGNORE `playerchoice_response_reward`(`ChoiceId`, `ResponseId`, `TitleId`, `PackageId`, `SkillLineId`, `SkillPointCount`, `ArenaPointCount`, `HonorPointCount`, `Money`, `Xp`, `VerifiedBuild`) VALUES (152, 321, 0, 0, 0, 0, 0, 0, 462000, 0, 27062);
INSERT IGNORE `playerchoice_response_reward`(`ChoiceId`, `ResponseId`, `TitleId`, `PackageId`, `SkillLineId`, `SkillPointCount`, `ArenaPointCount`, `HonorPointCount`, `Money`, `Xp`, `VerifiedBuild`) VALUES (152, 322, 0, 0, 0, 0, 0, 0, 616000, 0, 27062);
INSERT IGNORE `playerchoice_response_reward`(`ChoiceId`, `ResponseId`, `TitleId`, `PackageId`, `SkillLineId`, `SkillPointCount`, `ArenaPointCount`, `HonorPointCount`, `Money`, `Xp`, `VerifiedBuild`) VALUES (154, 325, 0, 0, 0, 0, 0, 0, 462000, 0, 27062);
INSERT IGNORE `playerchoice_response_reward`(`ChoiceId`, `ResponseId`, `TitleId`, `PackageId`, `SkillLineId`, `SkillPointCount`, `ArenaPointCount`, `HonorPointCount`, `Money`, `Xp`, `VerifiedBuild`) VALUES (154, 326, 0, 0, 0, 0, 0, 0, 616000, 0, 27062);
INSERT IGNORE `playerchoice_response_reward`(`ChoiceId`, `ResponseId`, `TitleId`, `PackageId`, `SkillLineId`, `SkillPointCount`, `ArenaPointCount`, `HonorPointCount`, `Money`, `Xp`, `VerifiedBuild`) VALUES (158, 333, 0, 0, 0, 0, 0, 0, 462000, 0, 27062);
INSERT IGNORE `playerchoice_response_reward`(`ChoiceId`, `ResponseId`, `TitleId`, `PackageId`, `SkillLineId`, `SkillPointCount`, `ArenaPointCount`, `HonorPointCount`, `Money`, `Xp`, `VerifiedBuild`) VALUES (158, 334, 0, 0, 0, 0, 0, 0, 462000, 0, 27062);
INSERT IGNORE `playerchoice_response_reward`(`ChoiceId`, `ResponseId`, `TitleId`, `PackageId`, `SkillLineId`, `SkillPointCount`, `ArenaPointCount`, `HonorPointCount`, `Money`, `Xp`, `VerifiedBuild`) VALUES (160, 337, 0, 0, 0, 0, 0, 0, 462000, 0, 27062);
INSERT IGNORE `playerchoice_response_reward`(`ChoiceId`, `ResponseId`, `TitleId`, `PackageId`, `SkillLineId`, `SkillPointCount`, `ArenaPointCount`, `HonorPointCount`, `Money`, `Xp`, `VerifiedBuild`) VALUES (160, 338, 0, 0, 0, 0, 0, 0, 462000, 0, 27062);
INSERT IGNORE `playerchoice_response_reward`(`ChoiceId`, `ResponseId`, `TitleId`, `PackageId`, `SkillLineId`, `SkillPointCount`, `ArenaPointCount`, `HonorPointCount`, `Money`, `Xp`, `VerifiedBuild`) VALUES (161, 339, 0, 0, 0, 0, 0, 0, 462000, 0, 27062);
INSERT IGNORE `playerchoice_response_reward`(`ChoiceId`, `ResponseId`, `TitleId`, `PackageId`, `SkillLineId`, `SkillPointCount`, `ArenaPointCount`, `HonorPointCount`, `Money`, `Xp`, `VerifiedBuild`) VALUES (161, 340, 0, 0, 0, 0, 0, 0, 616000, 0, 27062);
INSERT IGNORE `playerchoice_response_reward`(`ChoiceId`, `ResponseId`, `TitleId`, `PackageId`, `SkillLineId`, `SkillPointCount`, `ArenaPointCount`, `HonorPointCount`, `Money`, `Xp`, `VerifiedBuild`) VALUES (164, 345, 0, 0, 0, 0, 0, 0, 462000, 3750, 27062);
INSERT IGNORE `playerchoice_response_reward`(`ChoiceId`, `ResponseId`, `TitleId`, `PackageId`, `SkillLineId`, `SkillPointCount`, `ArenaPointCount`, `HonorPointCount`, `Money`, `Xp`, `VerifiedBuild`) VALUES (164, 346, 0, 0, 0, 0, 0, 0, 616000, 3750, 27062);
INSERT IGNORE `playerchoice_response_reward`(`ChoiceId`, `ResponseId`, `TitleId`, `PackageId`, `SkillLineId`, `SkillPointCount`, `ArenaPointCount`, `HonorPointCount`, `Money`, `Xp`, `VerifiedBuild`) VALUES (165, 347, 0, 0, 0, 0, 0, 0, 462000, 0, 27062);
INSERT IGNORE `playerchoice_response_reward`(`ChoiceId`, `ResponseId`, `TitleId`, `PackageId`, `SkillLineId`, `SkillPointCount`, `ArenaPointCount`, `HonorPointCount`, `Money`, `Xp`, `VerifiedBuild`) VALUES (165, 348, 0, 0, 0, 0, 0, 0, 616000, 0, 27062);
INSERT IGNORE `playerchoice_response_reward`(`ChoiceId`, `ResponseId`, `TitleId`, `PackageId`, `SkillLineId`, `SkillPointCount`, `ArenaPointCount`, `HonorPointCount`, `Money`, `Xp`, `VerifiedBuild`) VALUES (166, 349, 0, 0, 0, 0, 0, 0, 462000, 0, 27062);
INSERT IGNORE `playerchoice_response_reward`(`ChoiceId`, `ResponseId`, `TitleId`, `PackageId`, `SkillLineId`, `SkillPointCount`, `ArenaPointCount`, `HonorPointCount`, `Money`, `Xp`, `VerifiedBuild`) VALUES (166, 350, 0, 0, 0, 0, 0, 0, 616000, 0, 27062);
INSERT IGNORE `playerchoice_response_reward`(`ChoiceId`, `ResponseId`, `TitleId`, `PackageId`, `SkillLineId`, `SkillPointCount`, `ArenaPointCount`, `HonorPointCount`, `Money`, `Xp`, `VerifiedBuild`) VALUES (169, 355, 0, 0, 0, 0, 0, 0, 462000, 0, 27062);
INSERT IGNORE `playerchoice_response_reward`(`ChoiceId`, `ResponseId`, `TitleId`, `PackageId`, `SkillLineId`, `SkillPointCount`, `ArenaPointCount`, `HonorPointCount`, `Money`, `Xp`, `VerifiedBuild`) VALUES (169, 356, 0, 0, 0, 0, 0, 0, 616000, 0, 27062);
INSERT IGNORE `playerchoice_response_reward`(`ChoiceId`, `ResponseId`, `TitleId`, `PackageId`, `SkillLineId`, `SkillPointCount`, `ArenaPointCount`, `HonorPointCount`, `Money`, `Xp`, `VerifiedBuild`) VALUES (172, 361, 0, 0, 0, 0, 0, 0, 462000, 0, 27062);
INSERT IGNORE `playerchoice_response_reward`(`ChoiceId`, `ResponseId`, `TitleId`, `PackageId`, `SkillLineId`, `SkillPointCount`, `ArenaPointCount`, `HonorPointCount`, `Money`, `Xp`, `VerifiedBuild`) VALUES (172, 362, 0, 0, 0, 0, 0, 0, 616000, 0, 27062);
INSERT IGNORE `playerchoice_response_reward`(`ChoiceId`, `ResponseId`, `TitleId`, `PackageId`, `SkillLineId`, `SkillPointCount`, `ArenaPointCount`, `HonorPointCount`, `Money`, `Xp`, `VerifiedBuild`) VALUES (174, 365, 0, 0, 0, 0, 0, 0, 462000, 0, 27062);
INSERT IGNORE `playerchoice_response_reward`(`ChoiceId`, `ResponseId`, `TitleId`, `PackageId`, `SkillLineId`, `SkillPointCount`, `ArenaPointCount`, `HonorPointCount`, `Money`, `Xp`, `VerifiedBuild`) VALUES (174, 366, 0, 0, 0, 0, 0, 0, 616000, 0, 27062);
INSERT IGNORE `playerchoice_response_reward`(`ChoiceId`, `ResponseId`, `TitleId`, `PackageId`, `SkillLineId`, `SkillPointCount`, `ArenaPointCount`, `HonorPointCount`, `Money`, `Xp`, `VerifiedBuild`) VALUES (192, 401, 0, 0, 0, 0, 0, 0, 462000, 0, 27062);
INSERT IGNORE `playerchoice_response_reward`(`ChoiceId`, `ResponseId`, `TitleId`, `PackageId`, `SkillLineId`, `SkillPointCount`, `ArenaPointCount`, `HonorPointCount`, `Money`, `Xp`, `VerifiedBuild`) VALUES (192, 402, 0, 0, 0, 0, 0, 0, 462000, 0, 27062);
INSERT IGNORE `playerchoice_response_reward`(`ChoiceId`, `ResponseId`, `TitleId`, `PackageId`, `SkillLineId`, `SkillPointCount`, `ArenaPointCount`, `HonorPointCount`, `Money`, `Xp`, `VerifiedBuild`) VALUES (202, 421, 0, 0, 0, 0, 0, 0, 462000, 0, 27062);
INSERT IGNORE `playerchoice_response_reward`(`ChoiceId`, `ResponseId`, `TitleId`, `PackageId`, `SkillLineId`, `SkillPointCount`, `ArenaPointCount`, `HonorPointCount`, `Money`, `Xp`, `VerifiedBuild`) VALUES (202, 422, 0, 0, 0, 0, 0, 0, 462000, 0, 27062);
INSERT IGNORE `playerchoice_response_reward`(`ChoiceId`, `ResponseId`, `TitleId`, `PackageId`, `SkillLineId`, `SkillPointCount`, `ArenaPointCount`, `HonorPointCount`, `Money`, `Xp`, `VerifiedBuild`) VALUES (204, 425, 0, 0, 0, 0, 0, 0, 462000, 0, 27062);
INSERT IGNORE `playerchoice_response_reward`(`ChoiceId`, `ResponseId`, `TitleId`, `PackageId`, `SkillLineId`, `SkillPointCount`, `ArenaPointCount`, `HonorPointCount`, `Money`, `Xp`, `VerifiedBuild`) VALUES (204, 426, 0, 0, 0, 0, 0, 0, 462000, 0, 27062);
INSERT IGNORE `playerchoice_response_reward`(`ChoiceId`, `ResponseId`, `TitleId`, `PackageId`, `SkillLineId`, `SkillPointCount`, `ArenaPointCount`, `HonorPointCount`, `Money`, `Xp`, `VerifiedBuild`) VALUES (231, 478, 0, 0, 0, 0, 0, 0, 17450, 1800, 40120);
INSERT IGNORE `playerchoice_response_reward`(`ChoiceId`, `ResponseId`, `TitleId`, `PackageId`, `SkillLineId`, `SkillPointCount`, `ArenaPointCount`, `HonorPointCount`, `Money`, `Xp`, `VerifiedBuild`) VALUES (231, 479, 0, 0, 0, 0, 0, 0, 17450, 1800, 40120);
INSERT IGNORE `playerchoice_response_reward`(`ChoiceId`, `ResponseId`, `TitleId`, `PackageId`, `SkillLineId`, `SkillPointCount`, `ArenaPointCount`, `HonorPointCount`, `Money`, `Xp`, `VerifiedBuild`) VALUES (234, 486, 0, 0, 0, 0, 0, 0, 38050, 2350, 40120);
INSERT IGNORE `playerchoice_response_reward`(`ChoiceId`, `ResponseId`, `TitleId`, `PackageId`, `SkillLineId`, `SkillPointCount`, `ArenaPointCount`, `HonorPointCount`, `Money`, `Xp`, `VerifiedBuild`) VALUES (234, 487, 0, 0, 0, 0, 0, 0, 38050, 2350, 40120);
INSERT IGNORE `playerchoice_response_reward`(`ChoiceId`, `ResponseId`, `TitleId`, `PackageId`, `SkillLineId`, `SkillPointCount`, `ArenaPointCount`, `HonorPointCount`, `Money`, `Xp`, `VerifiedBuild`) VALUES (235, 488, 0, 0, 0, 0, 0, 0, 0, 0, 27062);
INSERT IGNORE `playerchoice_response_reward`(`ChoiceId`, `ResponseId`, `TitleId`, `PackageId`, `SkillLineId`, `SkillPointCount`, `ArenaPointCount`, `HonorPointCount`, `Money`, `Xp`, `VerifiedBuild`) VALUES (235, 489, 0, 0, 0, 0, 0, 0, 0, 0, 27062);
INSERT IGNORE `playerchoice_response_reward`(`ChoiceId`, `ResponseId`, `TitleId`, `PackageId`, `SkillLineId`, `SkillPointCount`, `ArenaPointCount`, `HonorPointCount`, `Money`, `Xp`, `VerifiedBuild`) VALUES (235, 490, 0, 0, 0, 0, 0, 0, 0, 0, 27062);
INSERT IGNORE `playerchoice_response_reward`(`ChoiceId`, `ResponseId`, `TitleId`, `PackageId`, `SkillLineId`, `SkillPointCount`, `ArenaPointCount`, `HonorPointCount`, `Money`, `Xp`, `VerifiedBuild`) VALUES (236, 491, 0, 0, 0, 0, 0, 0, 0, 0, 27062);
INSERT IGNORE `playerchoice_response_reward`(`ChoiceId`, `ResponseId`, `TitleId`, `PackageId`, `SkillLineId`, `SkillPointCount`, `ArenaPointCount`, `HonorPointCount`, `Money`, `Xp`, `VerifiedBuild`) VALUES (236, 492, 0, 0, 0, 0, 0, 0, 0, 0, 27062);
INSERT IGNORE `playerchoice_response_reward`(`ChoiceId`, `ResponseId`, `TitleId`, `PackageId`, `SkillLineId`, `SkillPointCount`, `ArenaPointCount`, `HonorPointCount`, `Money`, `Xp`, `VerifiedBuild`) VALUES (236, 493, 0, 0, 0, 0, 0, 0, 0, 0, 27062);
INSERT IGNORE `playerchoice_response_reward`(`ChoiceId`, `ResponseId`, `TitleId`, `PackageId`, `SkillLineId`, `SkillPointCount`, `ArenaPointCount`, `HonorPointCount`, `Money`, `Xp`, `VerifiedBuild`) VALUES (237, 494, 0, 0, 0, 0, 0, 0, 0, 0, 27062);
INSERT IGNORE `playerchoice_response_reward`(`ChoiceId`, `ResponseId`, `TitleId`, `PackageId`, `SkillLineId`, `SkillPointCount`, `ArenaPointCount`, `HonorPointCount`, `Money`, `Xp`, `VerifiedBuild`) VALUES (237, 495, 0, 0, 0, 0, 0, 0, 0, 0, 27062);
INSERT IGNORE `playerchoice_response_reward`(`ChoiceId`, `ResponseId`, `TitleId`, `PackageId`, `SkillLineId`, `SkillPointCount`, `ArenaPointCount`, `HonorPointCount`, `Money`, `Xp`, `VerifiedBuild`) VALUES (237, 496, 0, 0, 0, 0, 0, 0, 0, 0, 27062);
INSERT IGNORE `playerchoice_response_reward`(`ChoiceId`, `ResponseId`, `TitleId`, `PackageId`, `SkillLineId`, `SkillPointCount`, `ArenaPointCount`, `HonorPointCount`, `Money`, `Xp`, `VerifiedBuild`) VALUES (238, 497, 0, 0, 0, 0, 0, 0, 0, 0, 27062);
INSERT IGNORE `playerchoice_response_reward`(`ChoiceId`, `ResponseId`, `TitleId`, `PackageId`, `SkillLineId`, `SkillPointCount`, `ArenaPointCount`, `HonorPointCount`, `Money`, `Xp`, `VerifiedBuild`) VALUES (238, 498, 0, 0, 0, 0, 0, 0, 0, 0, 27062);
INSERT IGNORE `playerchoice_response_reward`(`ChoiceId`, `ResponseId`, `TitleId`, `PackageId`, `SkillLineId`, `SkillPointCount`, `ArenaPointCount`, `HonorPointCount`, `Money`, `Xp`, `VerifiedBuild`) VALUES (238, 499, 0, 0, 0, 0, 0, 0, 0, 0, 27062);
INSERT IGNORE `playerchoice_response_reward`(`ChoiceId`, `ResponseId`, `TitleId`, `PackageId`, `SkillLineId`, `SkillPointCount`, `ArenaPointCount`, `HonorPointCount`, `Money`, `Xp`, `VerifiedBuild`) VALUES (240, 504, 0, 0, 0, 0, 0, 0, 0, 0, 27062);
INSERT IGNORE `playerchoice_response_reward`(`ChoiceId`, `ResponseId`, `TitleId`, `PackageId`, `SkillLineId`, `SkillPointCount`, `ArenaPointCount`, `HonorPointCount`, `Money`, `Xp`, `VerifiedBuild`) VALUES (240, 505, 0, 0, 0, 0, 0, 0, 0, 0, 27062);
INSERT IGNORE `playerchoice_response_reward`(`ChoiceId`, `ResponseId`, `TitleId`, `PackageId`, `SkillLineId`, `SkillPointCount`, `ArenaPointCount`, `HonorPointCount`, `Money`, `Xp`, `VerifiedBuild`) VALUES (240, 506, 0, 0, 0, 0, 0, 0, 0, 0, 27062);
INSERT IGNORE `playerchoice_response_reward`(`ChoiceId`, `ResponseId`, `TitleId`, `PackageId`, `SkillLineId`, `SkillPointCount`, `ArenaPointCount`, `HonorPointCount`, `Money`, `Xp`, `VerifiedBuild`) VALUES (242, 511, 0, 0, 0, 0, 0, 0, 0, 0, 27062);
INSERT IGNORE `playerchoice_response_reward`(`ChoiceId`, `ResponseId`, `TitleId`, `PackageId`, `SkillLineId`, `SkillPointCount`, `ArenaPointCount`, `HonorPointCount`, `Money`, `Xp`, `VerifiedBuild`) VALUES (242, 512, 0, 0, 0, 0, 0, 0, 0, 0, 27062);
INSERT IGNORE `playerchoice_response_reward`(`ChoiceId`, `ResponseId`, `TitleId`, `PackageId`, `SkillLineId`, `SkillPointCount`, `ArenaPointCount`, `HonorPointCount`, `Money`, `Xp`, `VerifiedBuild`) VALUES (242, 513, 0, 0, 0, 0, 0, 0, 0, 0, 27062);
INSERT IGNORE `playerchoice_response_reward`(`ChoiceId`, `ResponseId`, `TitleId`, `PackageId`, `SkillLineId`, `SkillPointCount`, `ArenaPointCount`, `HonorPointCount`, `Money`, `Xp`, `VerifiedBuild`) VALUES (245, 523, 0, 0, 0, 0, 0, 0, 0, 0, 27062);
INSERT IGNORE `playerchoice_response_reward`(`ChoiceId`, `ResponseId`, `TitleId`, `PackageId`, `SkillLineId`, `SkillPointCount`, `ArenaPointCount`, `HonorPointCount`, `Money`, `Xp`, `VerifiedBuild`) VALUES (245, 524, 0, 0, 0, 0, 0, 0, 0, 0, 27062);
INSERT IGNORE `playerchoice_response_reward`(`ChoiceId`, `ResponseId`, `TitleId`, `PackageId`, `SkillLineId`, `SkillPointCount`, `ArenaPointCount`, `HonorPointCount`, `Money`, `Xp`, `VerifiedBuild`) VALUES (245, 525, 0, 0, 0, 0, 0, 0, 0, 0, 27062);
INSERT IGNORE `playerchoice_response_reward`(`ChoiceId`, `ResponseId`, `TitleId`, `PackageId`, `SkillLineId`, `SkillPointCount`, `ArenaPointCount`, `HonorPointCount`, `Money`, `Xp`, `VerifiedBuild`) VALUES (246, 526, 0, 0, 0, 0, 0, 0, 0, 0, 27062);
INSERT IGNORE `playerchoice_response_reward`(`ChoiceId`, `ResponseId`, `TitleId`, `PackageId`, `SkillLineId`, `SkillPointCount`, `ArenaPointCount`, `HonorPointCount`, `Money`, `Xp`, `VerifiedBuild`) VALUES (246, 527, 0, 0, 0, 0, 0, 0, 0, 0, 27062);
INSERT IGNORE `playerchoice_response_reward`(`ChoiceId`, `ResponseId`, `TitleId`, `PackageId`, `SkillLineId`, `SkillPointCount`, `ArenaPointCount`, `HonorPointCount`, `Money`, `Xp`, `VerifiedBuild`) VALUES (246, 528, 0, 0, 0, 0, 0, 0, 0, 0, 27062);
INSERT IGNORE `playerchoice_response_reward`(`ChoiceId`, `ResponseId`, `TitleId`, `PackageId`, `SkillLineId`, `SkillPointCount`, `ArenaPointCount`, `HonorPointCount`, `Money`, `Xp`, `VerifiedBuild`) VALUES (247, 529, 0, 0, 0, 0, 0, 0, 0, 0, 27062);
INSERT IGNORE `playerchoice_response_reward`(`ChoiceId`, `ResponseId`, `TitleId`, `PackageId`, `SkillLineId`, `SkillPointCount`, `ArenaPointCount`, `HonorPointCount`, `Money`, `Xp`, `VerifiedBuild`) VALUES (247, 530, 0, 0, 0, 0, 0, 0, 0, 0, 27062);
INSERT IGNORE `playerchoice_response_reward`(`ChoiceId`, `ResponseId`, `TitleId`, `PackageId`, `SkillLineId`, `SkillPointCount`, `ArenaPointCount`, `HonorPointCount`, `Money`, `Xp`, `VerifiedBuild`) VALUES (247, 531, 0, 0, 0, 0, 0, 0, 0, 0, 27062);
INSERT IGNORE `playerchoice_response_reward`(`ChoiceId`, `ResponseId`, `TitleId`, `PackageId`, `SkillLineId`, `SkillPointCount`, `ArenaPointCount`, `HonorPointCount`, `Money`, `Xp`, `VerifiedBuild`) VALUES (247, 545, 0, 0, 0, 0, 0, 0, 0, 0, 27062);
INSERT IGNORE `playerchoice_response_reward`(`ChoiceId`, `ResponseId`, `TitleId`, `PackageId`, `SkillLineId`, `SkillPointCount`, `ArenaPointCount`, `HonorPointCount`, `Money`, `Xp`, `VerifiedBuild`) VALUES (248, 532, 0, 0, 0, 0, 0, 0, 0, 0, 27062);
INSERT IGNORE `playerchoice_response_reward`(`ChoiceId`, `ResponseId`, `TitleId`, `PackageId`, `SkillLineId`, `SkillPointCount`, `ArenaPointCount`, `HonorPointCount`, `Money`, `Xp`, `VerifiedBuild`) VALUES (248, 533, 0, 0, 0, 0, 0, 0, 0, 0, 27062);
INSERT IGNORE `playerchoice_response_reward`(`ChoiceId`, `ResponseId`, `TitleId`, `PackageId`, `SkillLineId`, `SkillPointCount`, `ArenaPointCount`, `HonorPointCount`, `Money`, `Xp`, `VerifiedBuild`) VALUES (248, 534, 0, 0, 0, 0, 0, 0, 0, 0, 27062);
INSERT IGNORE `playerchoice_response_reward`(`ChoiceId`, `ResponseId`, `TitleId`, `PackageId`, `SkillLineId`, `SkillPointCount`, `ArenaPointCount`, `HonorPointCount`, `Money`, `Xp`, `VerifiedBuild`) VALUES (253, 541, 0, 0, 0, 0, 0, 0, 0, 0, 40120);
INSERT IGNORE `playerchoice_response_reward`(`ChoiceId`, `ResponseId`, `TitleId`, `PackageId`, `SkillLineId`, `SkillPointCount`, `ArenaPointCount`, `HonorPointCount`, `Money`, `Xp`, `VerifiedBuild`) VALUES (253, 542, 0, 0, 0, 0, 0, 0, 0, 0, 27062);
INSERT IGNORE `playerchoice_response_reward`(`ChoiceId`, `ResponseId`, `TitleId`, `PackageId`, `SkillLineId`, `SkillPointCount`, `ArenaPointCount`, `HonorPointCount`, `Money`, `Xp`, `VerifiedBuild`) VALUES (253, 543, 0, 0, 0, 0, 0, 0, 0, 0, 27062);
INSERT IGNORE `playerchoice_response_reward`(`ChoiceId`, `ResponseId`, `TitleId`, `PackageId`, `SkillLineId`, `SkillPointCount`, `ArenaPointCount`, `HonorPointCount`, `Money`, `Xp`, `VerifiedBuild`) VALUES (255, 546, 0, 0, 0, 0, 0, 0, 0, 0, 27062);
INSERT IGNORE `playerchoice_response_reward`(`ChoiceId`, `ResponseId`, `TitleId`, `PackageId`, `SkillLineId`, `SkillPointCount`, `ArenaPointCount`, `HonorPointCount`, `Money`, `Xp`, `VerifiedBuild`) VALUES (255, 547, 0, 0, 0, 0, 0, 0, 0, 0, 27062);
INSERT IGNORE `playerchoice_response_reward`(`ChoiceId`, `ResponseId`, `TitleId`, `PackageId`, `SkillLineId`, `SkillPointCount`, `ArenaPointCount`, `HonorPointCount`, `Money`, `Xp`, `VerifiedBuild`) VALUES (262, 568, 0, 0, 0, 0, 0, 0, 0, 0, 27062);
INSERT IGNORE `playerchoice_response_reward`(`ChoiceId`, `ResponseId`, `TitleId`, `PackageId`, `SkillLineId`, `SkillPointCount`, `ArenaPointCount`, `HonorPointCount`, `Money`, `Xp`, `VerifiedBuild`) VALUES (262, 569, 0, 0, 0, 0, 0, 0, 0, 0, 27062);
INSERT IGNORE `playerchoice_response_reward`(`ChoiceId`, `ResponseId`, `TitleId`, `PackageId`, `SkillLineId`, `SkillPointCount`, `ArenaPointCount`, `HonorPointCount`, `Money`, `Xp`, `VerifiedBuild`) VALUES (262, 570, 0, 0, 0, 0, 0, 0, 0, 0, 27062);
INSERT IGNORE `playerchoice_response_reward`(`ChoiceId`, `ResponseId`, `TitleId`, `PackageId`, `SkillLineId`, `SkillPointCount`, `ArenaPointCount`, `HonorPointCount`, `Money`, `Xp`, `VerifiedBuild`) VALUES (265, 584, 0, 0, 0, 0, 0, 0, 0, 0, 27062);
INSERT IGNORE `playerchoice_response_reward`(`ChoiceId`, `ResponseId`, `TitleId`, `PackageId`, `SkillLineId`, `SkillPointCount`, `ArenaPointCount`, `HonorPointCount`, `Money`, `Xp`, `VerifiedBuild`) VALUES (265, 585, 0, 0, 0, 0, 0, 0, 0, 0, 27062);
INSERT IGNORE `playerchoice_response_reward`(`ChoiceId`, `ResponseId`, `TitleId`, `PackageId`, `SkillLineId`, `SkillPointCount`, `ArenaPointCount`, `HonorPointCount`, `Money`, `Xp`, `VerifiedBuild`) VALUES (265, 586, 0, 0, 0, 0, 0, 0, 0, 0, 27062);
INSERT IGNORE `playerchoice_response_reward`(`ChoiceId`, `ResponseId`, `TitleId`, `PackageId`, `SkillLineId`, `SkillPointCount`, `ArenaPointCount`, `HonorPointCount`, `Money`, `Xp`, `VerifiedBuild`) VALUES (266, 587, 0, 0, 0, 0, 0, 0, 0, 0, 38134);
INSERT IGNORE `playerchoice_response_reward`(`ChoiceId`, `ResponseId`, `TitleId`, `PackageId`, `SkillLineId`, `SkillPointCount`, `ArenaPointCount`, `HonorPointCount`, `Money`, `Xp`, `VerifiedBuild`) VALUES (266, 588, 0, 0, 0, 0, 0, 0, 0, 0, 27062);
INSERT IGNORE `playerchoice_response_reward`(`ChoiceId`, `ResponseId`, `TitleId`, `PackageId`, `SkillLineId`, `SkillPointCount`, `ArenaPointCount`, `HonorPointCount`, `Money`, `Xp`, `VerifiedBuild`) VALUES (266, 589, 0, 0, 0, 0, 0, 0, 0, 0, 27062);
INSERT IGNORE `playerchoice_response_reward`(`ChoiceId`, `ResponseId`, `TitleId`, `PackageId`, `SkillLineId`, `SkillPointCount`, `ArenaPointCount`, `HonorPointCount`, `Money`, `Xp`, `VerifiedBuild`) VALUES (270, 594, 0, 0, 0, 0, 0, 0, 0, 0, 27062);
INSERT IGNORE `playerchoice_response_reward`(`ChoiceId`, `ResponseId`, `TitleId`, `PackageId`, `SkillLineId`, `SkillPointCount`, `ArenaPointCount`, `HonorPointCount`, `Money`, `Xp`, `VerifiedBuild`) VALUES (270, 595, 0, 0, 0, 0, 0, 0, 0, 0, 27062);
INSERT IGNORE `playerchoice_response_reward`(`ChoiceId`, `ResponseId`, `TitleId`, `PackageId`, `SkillLineId`, `SkillPointCount`, `ArenaPointCount`, `HonorPointCount`, `Money`, `Xp`, `VerifiedBuild`) VALUES (273, 598, 0, 0, 0, 0, 0, 0, 0, 0, 27062);
INSERT IGNORE `playerchoice_response_reward`(`ChoiceId`, `ResponseId`, `TitleId`, `PackageId`, `SkillLineId`, `SkillPointCount`, `ArenaPointCount`, `HonorPointCount`, `Money`, `Xp`, `VerifiedBuild`) VALUES (273, 599, 0, 0, 0, 0, 0, 0, 0, 0, 27062);
INSERT IGNORE `playerchoice_response_reward`(`ChoiceId`, `ResponseId`, `TitleId`, `PackageId`, `SkillLineId`, `SkillPointCount`, `ArenaPointCount`, `HonorPointCount`, `Money`, `Xp`, `VerifiedBuild`) VALUES (273, 600, 0, 0, 0, 0, 0, 0, 0, 0, 27062);
INSERT IGNORE `playerchoice_response_reward`(`ChoiceId`, `ResponseId`, `TitleId`, `PackageId`, `SkillLineId`, `SkillPointCount`, `ArenaPointCount`, `HonorPointCount`, `Money`, `Xp`, `VerifiedBuild`) VALUES (274, 601, 0, 0, 0, 0, 0, 0, 0, 0, 27062);
INSERT IGNORE `playerchoice_response_reward`(`ChoiceId`, `ResponseId`, `TitleId`, `PackageId`, `SkillLineId`, `SkillPointCount`, `ArenaPointCount`, `HonorPointCount`, `Money`, `Xp`, `VerifiedBuild`) VALUES (274, 602, 0, 0, 0, 0, 0, 0, 0, 0, 27062);
INSERT IGNORE `playerchoice_response_reward`(`ChoiceId`, `ResponseId`, `TitleId`, `PackageId`, `SkillLineId`, `SkillPointCount`, `ArenaPointCount`, `HonorPointCount`, `Money`, `Xp`, `VerifiedBuild`) VALUES (274, 603, 0, 0, 0, 0, 0, 0, 0, 0, 27062);
INSERT IGNORE `playerchoice_response_reward`(`ChoiceId`, `ResponseId`, `TitleId`, `PackageId`, `SkillLineId`, `SkillPointCount`, `ArenaPointCount`, `HonorPointCount`, `Money`, `Xp`, `VerifiedBuild`) VALUES (275, 605, 0, 0, 0, 0, 0, 0, 0, 0, 27062);
INSERT IGNORE `playerchoice_response_reward`(`ChoiceId`, `ResponseId`, `TitleId`, `PackageId`, `SkillLineId`, `SkillPointCount`, `ArenaPointCount`, `HonorPointCount`, `Money`, `Xp`, `VerifiedBuild`) VALUES (275, 606, 0, 0, 0, 0, 0, 0, 0, 0, 27062);
INSERT IGNORE `playerchoice_response_reward`(`ChoiceId`, `ResponseId`, `TitleId`, `PackageId`, `SkillLineId`, `SkillPointCount`, `ArenaPointCount`, `HonorPointCount`, `Money`, `Xp`, `VerifiedBuild`) VALUES (276, 608, 0, 0, 0, 0, 0, 0, 0, 0, 40120);
INSERT IGNORE `playerchoice_response_reward`(`ChoiceId`, `ResponseId`, `TitleId`, `PackageId`, `SkillLineId`, `SkillPointCount`, `ArenaPointCount`, `HonorPointCount`, `Money`, `Xp`, `VerifiedBuild`) VALUES (277, 610, 0, 0, 0, 0, 0, 0, 0, 0, 27062);
INSERT IGNORE `playerchoice_response_reward`(`ChoiceId`, `ResponseId`, `TitleId`, `PackageId`, `SkillLineId`, `SkillPointCount`, `ArenaPointCount`, `HonorPointCount`, `Money`, `Xp`, `VerifiedBuild`) VALUES (277, 611, 0, 0, 0, 0, 0, 0, 0, 0, 27062);
INSERT IGNORE `playerchoice_response_reward`(`ChoiceId`, `ResponseId`, `TitleId`, `PackageId`, `SkillLineId`, `SkillPointCount`, `ArenaPointCount`, `HonorPointCount`, `Money`, `Xp`, `VerifiedBuild`) VALUES (279, 617, 0, 0, 0, 0, 0, 0, 0, 0, 27062);
INSERT IGNORE `playerchoice_response_reward`(`ChoiceId`, `ResponseId`, `TitleId`, `PackageId`, `SkillLineId`, `SkillPointCount`, `ArenaPointCount`, `HonorPointCount`, `Money`, `Xp`, `VerifiedBuild`) VALUES (279, 618, 0, 0, 0, 0, 0, 0, 0, 0, 27062);
INSERT IGNORE `playerchoice_response_reward`(`ChoiceId`, `ResponseId`, `TitleId`, `PackageId`, `SkillLineId`, `SkillPointCount`, `ArenaPointCount`, `HonorPointCount`, `Money`, `Xp`, `VerifiedBuild`) VALUES (280, 621, 0, 0, 0, 0, 0, 0, 0, 0, 27062);
INSERT IGNORE `playerchoice_response_reward`(`ChoiceId`, `ResponseId`, `TitleId`, `PackageId`, `SkillLineId`, `SkillPointCount`, `ArenaPointCount`, `HonorPointCount`, `Money`, `Xp`, `VerifiedBuild`) VALUES (280, 622, 0, 0, 0, 0, 0, 0, 0, 0, 27062);
INSERT IGNORE `playerchoice_response_reward`(`ChoiceId`, `ResponseId`, `TitleId`, `PackageId`, `SkillLineId`, `SkillPointCount`, `ArenaPointCount`, `HonorPointCount`, `Money`, `Xp`, `VerifiedBuild`) VALUES (282, 626, 0, 0, 0, 0, 0, 0, 0, 0, 27062);
INSERT IGNORE `playerchoice_response_reward`(`ChoiceId`, `ResponseId`, `TitleId`, `PackageId`, `SkillLineId`, `SkillPointCount`, `ArenaPointCount`, `HonorPointCount`, `Money`, `Xp`, `VerifiedBuild`) VALUES (282, 628, 0, 0, 0, 0, 0, 0, 0, 0, 27062);
INSERT IGNORE `playerchoice_response_reward`(`ChoiceId`, `ResponseId`, `TitleId`, `PackageId`, `SkillLineId`, `SkillPointCount`, `ArenaPointCount`, `HonorPointCount`, `Money`, `Xp`, `VerifiedBuild`) VALUES (282, 629, 0, 0, 0, 0, 0, 0, 0, 0, 27062);
INSERT IGNORE `playerchoice_response_reward`(`ChoiceId`, `ResponseId`, `TitleId`, `PackageId`, `SkillLineId`, `SkillPointCount`, `ArenaPointCount`, `HonorPointCount`, `Money`, `Xp`, `VerifiedBuild`) VALUES (284, 633, 0, 0, 0, 0, 0, 0, 0, 0, 27062);
INSERT IGNORE `playerchoice_response_reward`(`ChoiceId`, `ResponseId`, `TitleId`, `PackageId`, `SkillLineId`, `SkillPointCount`, `ArenaPointCount`, `HonorPointCount`, `Money`, `Xp`, `VerifiedBuild`) VALUES (284, 635, 0, 0, 0, 0, 0, 0, 0, 0, 27062);
INSERT IGNORE `playerchoice_response_reward`(`ChoiceId`, `ResponseId`, `TitleId`, `PackageId`, `SkillLineId`, `SkillPointCount`, `ArenaPointCount`, `HonorPointCount`, `Money`, `Xp`, `VerifiedBuild`) VALUES (287, 644, 0, 0, 0, 0, 0, 0, 0, 0, 27062);
INSERT IGNORE `playerchoice_response_reward`(`ChoiceId`, `ResponseId`, `TitleId`, `PackageId`, `SkillLineId`, `SkillPointCount`, `ArenaPointCount`, `HonorPointCount`, `Money`, `Xp`, `VerifiedBuild`) VALUES (288, 645, 0, 0, 0, 0, 0, 0, 0, 0, 27062);
INSERT IGNORE `playerchoice_response_reward`(`ChoiceId`, `ResponseId`, `TitleId`, `PackageId`, `SkillLineId`, `SkillPointCount`, `ArenaPointCount`, `HonorPointCount`, `Money`, `Xp`, `VerifiedBuild`) VALUES (291, 655, 0, 0, 0, 0, 0, 0, 0, 0, 40120);
INSERT IGNORE `playerchoice_response_reward`(`ChoiceId`, `ResponseId`, `TitleId`, `PackageId`, `SkillLineId`, `SkillPointCount`, `ArenaPointCount`, `HonorPointCount`, `Money`, `Xp`, `VerifiedBuild`) VALUES (292, 658, 0, 0, 0, 0, 0, 0, 0, 0, 27062);
INSERT IGNORE `playerchoice_response_reward`(`ChoiceId`, `ResponseId`, `TitleId`, `PackageId`, `SkillLineId`, `SkillPointCount`, `ArenaPointCount`, `HonorPointCount`, `Money`, `Xp`, `VerifiedBuild`) VALUES (308, 752, 0, 0, 0, 0, 0, 0, 0, 0, 26654);
INSERT IGNORE `playerchoice_response_reward`(`ChoiceId`, `ResponseId`, `TitleId`, `PackageId`, `SkillLineId`, `SkillPointCount`, `ArenaPointCount`, `HonorPointCount`, `Money`, `Xp`, `VerifiedBuild`) VALUES (308, 753, 0, 0, 0, 0, 0, 0, 0, 0, 26654);
INSERT IGNORE `playerchoice_response_reward`(`ChoiceId`, `ResponseId`, `TitleId`, `PackageId`, `SkillLineId`, `SkillPointCount`, `ArenaPointCount`, `HonorPointCount`, `Money`, `Xp`, `VerifiedBuild`) VALUES (317, 771, 0, 0, 0, 0, 0, 0, 0, 0, 25549);
INSERT IGNORE `playerchoice_response_reward`(`ChoiceId`, `ResponseId`, `TitleId`, `PackageId`, `SkillLineId`, `SkillPointCount`, `ArenaPointCount`, `HonorPointCount`, `Money`, `Xp`, `VerifiedBuild`) VALUES (317, 774, 0, 0, 0, 0, 0, 0, 0, 0, 25549);
INSERT IGNORE `playerchoice_response_reward`(`ChoiceId`, `ResponseId`, `TitleId`, `PackageId`, `SkillLineId`, `SkillPointCount`, `ArenaPointCount`, `HonorPointCount`, `Money`, `Xp`, `VerifiedBuild`) VALUES (317, 775, 0, 0, 0, 0, 0, 0, 0, 0, 25549);
INSERT IGNORE `playerchoice_response_reward`(`ChoiceId`, `ResponseId`, `TitleId`, `PackageId`, `SkillLineId`, `SkillPointCount`, `ArenaPointCount`, `HonorPointCount`, `Money`, `Xp`, `VerifiedBuild`) VALUES (317, 776, 0, 0, 0, 0, 0, 0, 0, 0, 25549);
INSERT IGNORE `playerchoice_response_reward`(`ChoiceId`, `ResponseId`, `TitleId`, `PackageId`, `SkillLineId`, `SkillPointCount`, `ArenaPointCount`, `HonorPointCount`, `Money`, `Xp`, `VerifiedBuild`) VALUES (317, 782, 0, 0, 0, 0, 0, 0, 0, 0, 25549);
INSERT IGNORE `playerchoice_response_reward`(`ChoiceId`, `ResponseId`, `TitleId`, `PackageId`, `SkillLineId`, `SkillPointCount`, `ArenaPointCount`, `HonorPointCount`, `Money`, `Xp`, `VerifiedBuild`) VALUES (322, 783, 0, 0, 0, 0, 0, 0, 0, 0, 26755);
INSERT IGNORE `playerchoice_response_reward`(`ChoiceId`, `ResponseId`, `TitleId`, `PackageId`, `SkillLineId`, `SkillPointCount`, `ArenaPointCount`, `HonorPointCount`, `Money`, `Xp`, `VerifiedBuild`) VALUES (322, 784, 0, 0, 0, 0, 0, 0, 0, 0, 26822);
INSERT IGNORE `playerchoice_response_reward`(`ChoiceId`, `ResponseId`, `TitleId`, `PackageId`, `SkillLineId`, `SkillPointCount`, `ArenaPointCount`, `HonorPointCount`, `Money`, `Xp`, `VerifiedBuild`) VALUES (342, 847, 0, 0, 0, 0, 0, 0, 0, 0, 31478);
INSERT IGNORE `playerchoice_response_reward`(`ChoiceId`, `ResponseId`, `TitleId`, `PackageId`, `SkillLineId`, `SkillPointCount`, `ArenaPointCount`, `HonorPointCount`, `Money`, `Xp`, `VerifiedBuild`) VALUES (342, 848, 0, 0, 0, 0, 0, 0, 0, 0, 31478);
INSERT IGNORE `playerchoice_response_reward`(`ChoiceId`, `ResponseId`, `TitleId`, `PackageId`, `SkillLineId`, `SkillPointCount`, `ArenaPointCount`, `HonorPointCount`, `Money`, `Xp`, `VerifiedBuild`) VALUES (342, 851, 0, 0, 0, 0, 0, 0, 0, 0, 31478);
INSERT IGNORE `playerchoice_response_reward`(`ChoiceId`, `ResponseId`, `TitleId`, `PackageId`, `SkillLineId`, `SkillPointCount`, `ArenaPointCount`, `HonorPointCount`, `Money`, `Xp`, `VerifiedBuild`) VALUES (342, 852, 0, 0, 0, 0, 0, 0, 0, 0, 31478);
INSERT IGNORE `playerchoice_response_reward`(`ChoiceId`, `ResponseId`, `TitleId`, `PackageId`, `SkillLineId`, `SkillPointCount`, `ArenaPointCount`, `HonorPointCount`, `Money`, `Xp`, `VerifiedBuild`) VALUES (342, 853, 0, 0, 0, 0, 0, 0, 0, 0, 31478);
INSERT IGNORE `playerchoice_response_reward`(`ChoiceId`, `ResponseId`, `TitleId`, `PackageId`, `SkillLineId`, `SkillPointCount`, `ArenaPointCount`, `HonorPointCount`, `Money`, `Xp`, `VerifiedBuild`) VALUES (342, 854, 0, 0, 0, 0, 0, 0, 0, 0, 31478);
INSERT IGNORE `playerchoice_response_reward`(`ChoiceId`, `ResponseId`, `TitleId`, `PackageId`, `SkillLineId`, `SkillPointCount`, `ArenaPointCount`, `HonorPointCount`, `Money`, `Xp`, `VerifiedBuild`) VALUES (342, 855, 0, 0, 0, 0, 0, 0, 0, 0, 31478);
INSERT IGNORE `playerchoice_response_reward`(`ChoiceId`, `ResponseId`, `TitleId`, `PackageId`, `SkillLineId`, `SkillPointCount`, `ArenaPointCount`, `HonorPointCount`, `Money`, `Xp`, `VerifiedBuild`) VALUES (342, 856, 0, 0, 0, 0, 0, 0, 0, 0, 31478);
INSERT IGNORE `playerchoice_response_reward`(`ChoiceId`, `ResponseId`, `TitleId`, `PackageId`, `SkillLineId`, `SkillPointCount`, `ArenaPointCount`, `HonorPointCount`, `Money`, `Xp`, `VerifiedBuild`) VALUES (342, 858, 0, 0, 0, 0, 0, 0, 0, 0, 31478);
INSERT IGNORE `playerchoice_response_reward`(`ChoiceId`, `ResponseId`, `TitleId`, `PackageId`, `SkillLineId`, `SkillPointCount`, `ArenaPointCount`, `HonorPointCount`, `Money`, `Xp`, `VerifiedBuild`) VALUES (342, 860, 0, 0, 0, 0, 0, 0, 0, 0, 31478);
INSERT IGNORE `playerchoice_response_reward`(`ChoiceId`, `ResponseId`, `TitleId`, `PackageId`, `SkillLineId`, `SkillPointCount`, `ArenaPointCount`, `HonorPointCount`, `Money`, `Xp`, `VerifiedBuild`) VALUES (342, 861, 0, 0, 0, 0, 0, 0, 0, 0, 31478);
INSERT IGNORE `playerchoice_response_reward`(`ChoiceId`, `ResponseId`, `TitleId`, `PackageId`, `SkillLineId`, `SkillPointCount`, `ArenaPointCount`, `HonorPointCount`, `Money`, `Xp`, `VerifiedBuild`) VALUES (342, 862, 0, 0, 0, 0, 0, 0, 0, 0, 31478);
INSERT IGNORE `playerchoice_response_reward`(`ChoiceId`, `ResponseId`, `TitleId`, `PackageId`, `SkillLineId`, `SkillPointCount`, `ArenaPointCount`, `HonorPointCount`, `Money`, `Xp`, `VerifiedBuild`) VALUES (342, 864, 0, 0, 0, 0, 0, 0, 0, 0, 31478);
INSERT IGNORE `playerchoice_response_reward`(`ChoiceId`, `ResponseId`, `TitleId`, `PackageId`, `SkillLineId`, `SkillPointCount`, `ArenaPointCount`, `HonorPointCount`, `Money`, `Xp`, `VerifiedBuild`) VALUES (342, 868, 0, 0, 0, 0, 0, 0, 0, 0, 31478);
INSERT IGNORE `playerchoice_response_reward`(`ChoiceId`, `ResponseId`, `TitleId`, `PackageId`, `SkillLineId`, `SkillPointCount`, `ArenaPointCount`, `HonorPointCount`, `Money`, `Xp`, `VerifiedBuild`) VALUES (342, 872, 0, 0, 0, 0, 0, 0, 0, 0, 31478);
INSERT IGNORE `playerchoice_response_reward`(`ChoiceId`, `ResponseId`, `TitleId`, `PackageId`, `SkillLineId`, `SkillPointCount`, `ArenaPointCount`, `HonorPointCount`, `Money`, `Xp`, `VerifiedBuild`) VALUES (342, 887, 0, 0, 0, 0, 0, 0, 0, 0, 31478);
INSERT IGNORE `playerchoice_response_reward`(`ChoiceId`, `ResponseId`, `TitleId`, `PackageId`, `SkillLineId`, `SkillPointCount`, `ArenaPointCount`, `HonorPointCount`, `Money`, `Xp`, `VerifiedBuild`) VALUES (342, 888, 0, 0, 0, 0, 0, 0, 0, 0, 31478);
INSERT IGNORE `playerchoice_response_reward`(`ChoiceId`, `ResponseId`, `TitleId`, `PackageId`, `SkillLineId`, `SkillPointCount`, `ArenaPointCount`, `HonorPointCount`, `Money`, `Xp`, `VerifiedBuild`) VALUES (508, 1438, 0, 0, 0, 0, 0, 0, 0, 0, 40593);
INSERT IGNORE `playerchoice_response_reward`(`ChoiceId`, `ResponseId`, `TitleId`, `PackageId`, `SkillLineId`, `SkillPointCount`, `ArenaPointCount`, `HonorPointCount`, `Money`, `Xp`, `VerifiedBuild`) VALUES (588, 1344300133, 196612, 0, 1048576, 2059637, 0, 0, 0, 0, 39497);
INSERT IGNORE `playerchoice_response_reward`(`ChoiceId`, `ResponseId`, `TitleId`, `PackageId`, `SkillLineId`, `SkillPointCount`, `ArenaPointCount`, `HonorPointCount`, `Money`, `Xp`, `VerifiedBuild`) VALUES (667, 1868981602, 1663066400, 1852143215, 779382369, 168626701, 2032166473, 1663071599, 8032487030291063144, 1830842997, 39318);
INSERT IGNORE `playerchoice_response_reward_currency`(`ChoiceId`, `ResponseId`, `Index`, `CurrencyId`, `Quantity`, `VerifiedBuild`) VALUES (63, 143, 0, 823, 800, 27062);
INSERT IGNORE `playerchoice_response_reward_currency`(`ChoiceId`, `ResponseId`, `Index`, `CurrencyId`, `Quantity`, `VerifiedBuild`) VALUES (63, 144, 1, 823, 800, 27062);
INSERT IGNORE `playerchoice_response_reward_currency`(`ChoiceId`, `ResponseId`, `Index`, `CurrencyId`, `Quantity`, `VerifiedBuild`) VALUES (65, 147, 0, 823, 800, 27062);
INSERT IGNORE `playerchoice_response_reward_currency`(`ChoiceId`, `ResponseId`, `Index`, `CurrencyId`, `Quantity`, `VerifiedBuild`) VALUES (65, 148, 1, 823, 1000, 27062);
INSERT IGNORE `playerchoice_response_reward_currency`(`ChoiceId`, `ResponseId`, `Index`, `CurrencyId`, `Quantity`, `VerifiedBuild`) VALUES (70, 157, 0, 823, 800, 25961);
INSERT IGNORE `playerchoice_response_reward_currency`(`ChoiceId`, `ResponseId`, `Index`, `CurrencyId`, `Quantity`, `VerifiedBuild`) VALUES (70, 158, 1, 823, 1000, 25961);
INSERT IGNORE `playerchoice_response_reward_currency`(`ChoiceId`, `ResponseId`, `Index`, `CurrencyId`, `Quantity`, `VerifiedBuild`) VALUES (72, 161, 0, 823, 800, 27062);
INSERT IGNORE `playerchoice_response_reward_currency`(`ChoiceId`, `ResponseId`, `Index`, `CurrencyId`, `Quantity`, `VerifiedBuild`) VALUES (72, 162, 1, 823, 1000, 27062);
INSERT IGNORE `playerchoice_response_reward_currency`(`ChoiceId`, `ResponseId`, `Index`, `CurrencyId`, `Quantity`, `VerifiedBuild`) VALUES (86, 189, 0, 823, 800, 27062);
INSERT IGNORE `playerchoice_response_reward_currency`(`ChoiceId`, `ResponseId`, `Index`, `CurrencyId`, `Quantity`, `VerifiedBuild`) VALUES (86, 190, 1, 823, 1000, 27062);
INSERT IGNORE `playerchoice_response_reward_currency`(`ChoiceId`, `ResponseId`, `Index`, `CurrencyId`, `Quantity`, `VerifiedBuild`) VALUES (87, 191, 0, 823, 800, 26365);
INSERT IGNORE `playerchoice_response_reward_currency`(`ChoiceId`, `ResponseId`, `Index`, `CurrencyId`, `Quantity`, `VerifiedBuild`) VALUES (87, 192, 1, 823, 1000, 26365);
INSERT IGNORE `playerchoice_response_reward_currency`(`ChoiceId`, `ResponseId`, `Index`, `CurrencyId`, `Quantity`, `VerifiedBuild`) VALUES (91, 199, 0, 823, 800, 27062);
INSERT IGNORE `playerchoice_response_reward_currency`(`ChoiceId`, `ResponseId`, `Index`, `CurrencyId`, `Quantity`, `VerifiedBuild`) VALUES (91, 200, 1, 823, 1000, 27062);
INSERT IGNORE `playerchoice_response_reward_currency`(`ChoiceId`, `ResponseId`, `Index`, `CurrencyId`, `Quantity`, `VerifiedBuild`) VALUES (95, 207, 0, 823, 800, 27062);
INSERT IGNORE `playerchoice_response_reward_currency`(`ChoiceId`, `ResponseId`, `Index`, `CurrencyId`, `Quantity`, `VerifiedBuild`) VALUES (95, 208, 1, 823, 800, 27062);
INSERT IGNORE `playerchoice_response_reward_currency`(`ChoiceId`, `ResponseId`, `Index`, `CurrencyId`, `Quantity`, `VerifiedBuild`) VALUES (99, 215, 1, 823, 800, 27062);
INSERT IGNORE `playerchoice_response_reward_currency`(`ChoiceId`, `ResponseId`, `Index`, `CurrencyId`, `Quantity`, `VerifiedBuild`) VALUES (99, 216, 0, 823, 800, 27062);
INSERT IGNORE `playerchoice_response_reward_currency`(`ChoiceId`, `ResponseId`, `Index`, `CurrencyId`, `Quantity`, `VerifiedBuild`) VALUES (109, 235, 0, 823, 800, 27062);
INSERT IGNORE `playerchoice_response_reward_currency`(`ChoiceId`, `ResponseId`, `Index`, `CurrencyId`, `Quantity`, `VerifiedBuild`) VALUES (109, 236, 1, 823, 800, 27062);
INSERT IGNORE `playerchoice_response_reward_currency`(`ChoiceId`, `ResponseId`, `Index`, `CurrencyId`, `Quantity`, `VerifiedBuild`) VALUES (116, 249, 0, 823, 800, 27062);
INSERT IGNORE `playerchoice_response_reward_currency`(`ChoiceId`, `ResponseId`, `Index`, `CurrencyId`, `Quantity`, `VerifiedBuild`) VALUES (116, 250, 1, 823, 1000, 27062);
INSERT IGNORE `playerchoice_response_reward_currency`(`ChoiceId`, `ResponseId`, `Index`, `CurrencyId`, `Quantity`, `VerifiedBuild`) VALUES (120, 257, 1, 823, 800, 27062);
INSERT IGNORE `playerchoice_response_reward_currency`(`ChoiceId`, `ResponseId`, `Index`, `CurrencyId`, `Quantity`, `VerifiedBuild`) VALUES (120, 258, 0, 823, 1000, 27062);
INSERT IGNORE `playerchoice_response_reward_currency`(`ChoiceId`, `ResponseId`, `Index`, `CurrencyId`, `Quantity`, `VerifiedBuild`) VALUES (128, 273, 1, 823, 800, 27062);
INSERT IGNORE `playerchoice_response_reward_currency`(`ChoiceId`, `ResponseId`, `Index`, `CurrencyId`, `Quantity`, `VerifiedBuild`) VALUES (128, 274, 0, 823, 1000, 27062);
INSERT IGNORE `playerchoice_response_reward_currency`(`ChoiceId`, `ResponseId`, `Index`, `CurrencyId`, `Quantity`, `VerifiedBuild`) VALUES (135, 287, 0, 823, 800, 27062);
INSERT IGNORE `playerchoice_response_reward_currency`(`ChoiceId`, `ResponseId`, `Index`, `CurrencyId`, `Quantity`, `VerifiedBuild`) VALUES (135, 288, 1, 823, 1000, 27062);
INSERT IGNORE `playerchoice_response_reward_currency`(`ChoiceId`, `ResponseId`, `Index`, `CurrencyId`, `Quantity`, `VerifiedBuild`) VALUES (140, 297, 0, 823, 800, 27062);
INSERT IGNORE `playerchoice_response_reward_currency`(`ChoiceId`, `ResponseId`, `Index`, `CurrencyId`, `Quantity`, `VerifiedBuild`) VALUES (140, 298, 1, 823, 1000, 27062);
INSERT IGNORE `playerchoice_response_reward_currency`(`ChoiceId`, `ResponseId`, `Index`, `CurrencyId`, `Quantity`, `VerifiedBuild`) VALUES (141, 299, 1, 823, 800, 27062);
INSERT IGNORE `playerchoice_response_reward_currency`(`ChoiceId`, `ResponseId`, `Index`, `CurrencyId`, `Quantity`, `VerifiedBuild`) VALUES (141, 300, 0, 823, 1000, 27062);
INSERT IGNORE `playerchoice_response_reward_currency`(`ChoiceId`, `ResponseId`, `Index`, `CurrencyId`, `Quantity`, `VerifiedBuild`) VALUES (147, 311, 0, 823, 800, 40120);
INSERT IGNORE `playerchoice_response_reward_currency`(`ChoiceId`, `ResponseId`, `Index`, `CurrencyId`, `Quantity`, `VerifiedBuild`) VALUES (147, 312, 0, 823, 1000, 40120);
INSERT IGNORE `playerchoice_response_reward_currency`(`ChoiceId`, `ResponseId`, `Index`, `CurrencyId`, `Quantity`, `VerifiedBuild`) VALUES (150, 317, 1, 823, 800, 27062);
INSERT IGNORE `playerchoice_response_reward_currency`(`ChoiceId`, `ResponseId`, `Index`, `CurrencyId`, `Quantity`, `VerifiedBuild`) VALUES (150, 318, 0, 823, 1000, 27062);
INSERT IGNORE `playerchoice_response_reward_currency`(`ChoiceId`, `ResponseId`, `Index`, `CurrencyId`, `Quantity`, `VerifiedBuild`) VALUES (151, 319, 1, 823, 800, 27062);
INSERT IGNORE `playerchoice_response_reward_currency`(`ChoiceId`, `ResponseId`, `Index`, `CurrencyId`, `Quantity`, `VerifiedBuild`) VALUES (151, 320, 0, 823, 1000, 27062);
INSERT IGNORE `playerchoice_response_reward_currency`(`ChoiceId`, `ResponseId`, `Index`, `CurrencyId`, `Quantity`, `VerifiedBuild`) VALUES (152, 321, 0, 823, 800, 27062);
INSERT IGNORE `playerchoice_response_reward_currency`(`ChoiceId`, `ResponseId`, `Index`, `CurrencyId`, `Quantity`, `VerifiedBuild`) VALUES (152, 322, 1, 823, 1000, 27062);
INSERT IGNORE `playerchoice_response_reward_currency`(`ChoiceId`, `ResponseId`, `Index`, `CurrencyId`, `Quantity`, `VerifiedBuild`) VALUES (154, 325, 1, 823, 800, 27062);
INSERT IGNORE `playerchoice_response_reward_currency`(`ChoiceId`, `ResponseId`, `Index`, `CurrencyId`, `Quantity`, `VerifiedBuild`) VALUES (154, 326, 0, 823, 1000, 27062);
INSERT IGNORE `playerchoice_response_reward_currency`(`ChoiceId`, `ResponseId`, `Index`, `CurrencyId`, `Quantity`, `VerifiedBuild`) VALUES (158, 333, 1, 823, 800, 27062);
INSERT IGNORE `playerchoice_response_reward_currency`(`ChoiceId`, `ResponseId`, `Index`, `CurrencyId`, `Quantity`, `VerifiedBuild`) VALUES (158, 334, 0, 823, 800, 27062);
INSERT IGNORE `playerchoice_response_reward_currency`(`ChoiceId`, `ResponseId`, `Index`, `CurrencyId`, `Quantity`, `VerifiedBuild`) VALUES (160, 337, 0, 823, 800, 27062);
INSERT IGNORE `playerchoice_response_reward_currency`(`ChoiceId`, `ResponseId`, `Index`, `CurrencyId`, `Quantity`, `VerifiedBuild`) VALUES (160, 338, 1, 823, 800, 27062);
INSERT IGNORE `playerchoice_response_reward_currency`(`ChoiceId`, `ResponseId`, `Index`, `CurrencyId`, `Quantity`, `VerifiedBuild`) VALUES (161, 339, 0, 823, 800, 27062);
INSERT IGNORE `playerchoice_response_reward_currency`(`ChoiceId`, `ResponseId`, `Index`, `CurrencyId`, `Quantity`, `VerifiedBuild`) VALUES (161, 340, 1, 823, 1000, 27062);
INSERT IGNORE `playerchoice_response_reward_currency`(`ChoiceId`, `ResponseId`, `Index`, `CurrencyId`, `Quantity`, `VerifiedBuild`) VALUES (164, 345, 0, 823, 800, 27062);
INSERT IGNORE `playerchoice_response_reward_currency`(`ChoiceId`, `ResponseId`, `Index`, `CurrencyId`, `Quantity`, `VerifiedBuild`) VALUES (164, 346, 1, 823, 1000, 27062);
INSERT IGNORE `playerchoice_response_reward_currency`(`ChoiceId`, `ResponseId`, `Index`, `CurrencyId`, `Quantity`, `VerifiedBuild`) VALUES (165, 347, 0, 823, 800, 27062);
INSERT IGNORE `playerchoice_response_reward_currency`(`ChoiceId`, `ResponseId`, `Index`, `CurrencyId`, `Quantity`, `VerifiedBuild`) VALUES (165, 348, 1, 823, 1000, 27062);
INSERT IGNORE `playerchoice_response_reward_currency`(`ChoiceId`, `ResponseId`, `Index`, `CurrencyId`, `Quantity`, `VerifiedBuild`) VALUES (166, 349, 1, 823, 800, 27062);
INSERT IGNORE `playerchoice_response_reward_currency`(`ChoiceId`, `ResponseId`, `Index`, `CurrencyId`, `Quantity`, `VerifiedBuild`) VALUES (166, 350, 0, 823, 1000, 27062);
INSERT IGNORE `playerchoice_response_reward_currency`(`ChoiceId`, `ResponseId`, `Index`, `CurrencyId`, `Quantity`, `VerifiedBuild`) VALUES (169, 355, 0, 823, 800, 27062);
INSERT IGNORE `playerchoice_response_reward_currency`(`ChoiceId`, `ResponseId`, `Index`, `CurrencyId`, `Quantity`, `VerifiedBuild`) VALUES (169, 356, 1, 823, 1000, 27062);
INSERT IGNORE `playerchoice_response_reward_currency`(`ChoiceId`, `ResponseId`, `Index`, `CurrencyId`, `Quantity`, `VerifiedBuild`) VALUES (172, 361, 0, 823, 800, 27062);
INSERT IGNORE `playerchoice_response_reward_currency`(`ChoiceId`, `ResponseId`, `Index`, `CurrencyId`, `Quantity`, `VerifiedBuild`) VALUES (172, 362, 1, 823, 1000, 27062);
INSERT IGNORE `playerchoice_response_reward_currency`(`ChoiceId`, `ResponseId`, `Index`, `CurrencyId`, `Quantity`, `VerifiedBuild`) VALUES (174, 365, 0, 823, 800, 27062);
INSERT IGNORE `playerchoice_response_reward_currency`(`ChoiceId`, `ResponseId`, `Index`, `CurrencyId`, `Quantity`, `VerifiedBuild`) VALUES (174, 366, 1, 823, 1000, 27062);
INSERT IGNORE `playerchoice_response_reward_currency`(`ChoiceId`, `ResponseId`, `Index`, `CurrencyId`, `Quantity`, `VerifiedBuild`) VALUES (192, 401, 1, 1101, 600, 27062);
INSERT IGNORE `playerchoice_response_reward_currency`(`ChoiceId`, `ResponseId`, `Index`, `CurrencyId`, `Quantity`, `VerifiedBuild`) VALUES (192, 402, 0, 1101, 600, 27062);
INSERT IGNORE `playerchoice_response_reward_currency`(`ChoiceId`, `ResponseId`, `Index`, `CurrencyId`, `Quantity`, `VerifiedBuild`) VALUES (202, 421, 1, 1101, 600, 27062);
INSERT IGNORE `playerchoice_response_reward_currency`(`ChoiceId`, `ResponseId`, `Index`, `CurrencyId`, `Quantity`, `VerifiedBuild`) VALUES (202, 422, 0, 1101, 750, 27062);
INSERT IGNORE `playerchoice_response_reward_currency`(`ChoiceId`, `ResponseId`, `Index`, `CurrencyId`, `Quantity`, `VerifiedBuild`) VALUES (204, 425, 0, 1101, 600, 27062);
INSERT IGNORE `playerchoice_response_reward_currency`(`ChoiceId`, `ResponseId`, `Index`, `CurrencyId`, `Quantity`, `VerifiedBuild`) VALUES (204, 426, 1, 1101, 600, 27062);
INSERT IGNORE `playerchoice_response_reward_item`(`ChoiceId`, `ResponseId`, `Index`, `ItemId`, `BonusListIDs`, `Quantity`, `VerifiedBuild`) VALUES (235, 488, 0, 128823, NULL, 1, 27062);
INSERT IGNORE `playerchoice_response_reward_item`(`ChoiceId`, `ResponseId`, `Index`, `ItemId`, `BonusListIDs`, `Quantity`, `VerifiedBuild`) VALUES (235, 489, 1, 128866, NULL, 1, 27062);
INSERT IGNORE `playerchoice_response_reward_item`(`ChoiceId`, `ResponseId`, `Index`, `ItemId`, `BonusListIDs`, `Quantity`, `VerifiedBuild`) VALUES (235, 490, 2, 120978, NULL, 1, 27062);
INSERT IGNORE `playerchoice_response_reward_item`(`ChoiceId`, `ResponseId`, `Index`, `ItemId`, `BonusListIDs`, `Quantity`, `VerifiedBuild`) VALUES (236, 491, 0, 128910, NULL, 1, 27062);
INSERT IGNORE `playerchoice_response_reward_item`(`ChoiceId`, `ResponseId`, `Index`, `ItemId`, `BonusListIDs`, `Quantity`, `VerifiedBuild`) VALUES (236, 492, 1, 128289, NULL, 1, 27062);
INSERT IGNORE `playerchoice_response_reward_item`(`ChoiceId`, `ResponseId`, `Index`, `ItemId`, `BonusListIDs`, `Quantity`, `VerifiedBuild`) VALUES (236, 493, 2, 128908, NULL, 1, 27062);
INSERT IGNORE `playerchoice_response_reward_item`(`ChoiceId`, `ResponseId`, `Index`, `ItemId`, `BonusListIDs`, `Quantity`, `VerifiedBuild`) VALUES (237, 494, 0, 132262, NULL, 1, 27062);
INSERT IGNORE `playerchoice_response_reward_item`(`ChoiceId`, `ResponseId`, `Index`, `ItemId`, `BonusListIDs`, `Quantity`, `VerifiedBuild`) VALUES (237, 495, 1, 132268, NULL, 1, 27062);
INSERT IGNORE `playerchoice_response_reward_item`(`ChoiceId`, `ResponseId`, `Index`, `ItemId`, `BonusListIDs`, `Quantity`, `VerifiedBuild`) VALUES (237, 496, 2, 132269, NULL, 1, 27062);
INSERT IGNORE `playerchoice_response_reward_item`(`ChoiceId`, `ResponseId`, `Index`, `ItemId`, `BonusListIDs`, `Quantity`, `VerifiedBuild`) VALUES (238, 497, 0, 132331, NULL, 1, 27062);
INSERT IGNORE `playerchoice_response_reward_item`(`ChoiceId`, `ResponseId`, `Index`, `ItemId`, `BonusListIDs`, `Quantity`, `VerifiedBuild`) VALUES (238, 498, 1, 132332, NULL, 1, 27062);
INSERT IGNORE `playerchoice_response_reward_item`(`ChoiceId`, `ResponseId`, `Index`, `ItemId`, `BonusListIDs`, `Quantity`, `VerifiedBuild`) VALUES (238, 499, 2, 132333, NULL, 1, 27062);
INSERT IGNORE `playerchoice_response_reward_item`(`ChoiceId`, `ResponseId`, `Index`, `ItemId`, `BonusListIDs`, `Quantity`, `VerifiedBuild`) VALUES (240, 504, 0, 128861, NULL, 1, 27062);
INSERT IGNORE `playerchoice_response_reward_item`(`ChoiceId`, `ResponseId`, `Index`, `ItemId`, `BonusListIDs`, `Quantity`, `VerifiedBuild`) VALUES (240, 505, 1, 128808, NULL, 1, 27062);
INSERT IGNORE `playerchoice_response_reward_item`(`ChoiceId`, `ResponseId`, `Index`, `ItemId`, `BonusListIDs`, `Quantity`, `VerifiedBuild`) VALUES (240, 506, 2, 128826, NULL, 1, 27062);
INSERT IGNORE `playerchoice_response_reward_item`(`ChoiceId`, `ResponseId`, `Index`, `ItemId`, `BonusListIDs`, `Quantity`, `VerifiedBuild`) VALUES (242, 511, 0, 128938, NULL, 1, 27062);
INSERT IGNORE `playerchoice_response_reward_item`(`ChoiceId`, `ResponseId`, `Index`, `ItemId`, `BonusListIDs`, `Quantity`, `VerifiedBuild`) VALUES (242, 512, 1, 128937, NULL, 1, 27062);
INSERT IGNORE `playerchoice_response_reward_item`(`ChoiceId`, `ResponseId`, `Index`, `ItemId`, `BonusListIDs`, `Quantity`, `VerifiedBuild`) VALUES (242, 513, 2, 128940, NULL, 1, 27062);
INSERT IGNORE `playerchoice_response_reward_item`(`ChoiceId`, `ResponseId`, `Index`, `ItemId`, `BonusListIDs`, `Quantity`, `VerifiedBuild`) VALUES (245, 523, 2, 128942, NULL, 1, 27062);
INSERT IGNORE `playerchoice_response_reward_item`(`ChoiceId`, `ResponseId`, `Index`, `ItemId`, `BonusListIDs`, `Quantity`, `VerifiedBuild`) VALUES (245, 524, 1, 128943, NULL, 1, 27062);
INSERT IGNORE `playerchoice_response_reward_item`(`ChoiceId`, `ResponseId`, `Index`, `ItemId`, `BonusListIDs`, `Quantity`, `VerifiedBuild`) VALUES (245, 525, 0, 128941, NULL, 1, 27062);
INSERT IGNORE `playerchoice_response_reward_item`(`ChoiceId`, `ResponseId`, `Index`, `ItemId`, `BonusListIDs`, `Quantity`, `VerifiedBuild`) VALUES (246, 526, 0, 130219, NULL, 1, 27062);
INSERT IGNORE `playerchoice_response_reward_item`(`ChoiceId`, `ResponseId`, `Index`, `ItemId`, `BonusListIDs`, `Quantity`, `VerifiedBuild`) VALUES (246, 527, 1, 130220, NULL, 1, 27062);
INSERT IGNORE `playerchoice_response_reward_item`(`ChoiceId`, `ResponseId`, `Index`, `ItemId`, `BonusListIDs`, `Quantity`, `VerifiedBuild`) VALUES (246, 528, 2, 130222, NULL, 1, 27062);
INSERT IGNORE `playerchoice_response_reward_item`(`ChoiceId`, `ResponseId`, `Index`, `ItemId`, `BonusListIDs`, `Quantity`, `VerifiedBuild`) VALUES (247, 529, 0, 128858, NULL, 1, 27062);
INSERT IGNORE `playerchoice_response_reward_item`(`ChoiceId`, `ResponseId`, `Index`, `ItemId`, `BonusListIDs`, `Quantity`, `VerifiedBuild`) VALUES (247, 530, 1, 128860, NULL, 1, 27062);
INSERT IGNORE `playerchoice_response_reward_item`(`ChoiceId`, `ResponseId`, `Index`, `ItemId`, `BonusListIDs`, `Quantity`, `VerifiedBuild`) VALUES (247, 531, 2, 128821, NULL, 1, 27062);
INSERT IGNORE `playerchoice_response_reward_item`(`ChoiceId`, `ResponseId`, `Index`, `ItemId`, `BonusListIDs`, `Quantity`, `VerifiedBuild`) VALUES (247, 545, 0, 128306, NULL, 1, 27062);
INSERT IGNORE `playerchoice_response_reward_item`(`ChoiceId`, `ResponseId`, `Index`, `ItemId`, `BonusListIDs`, `Quantity`, `VerifiedBuild`) VALUES (248, 532, 0, 128825, NULL, 1, 27062);
INSERT IGNORE `playerchoice_response_reward_item`(`ChoiceId`, `ResponseId`, `Index`, `ItemId`, `BonusListIDs`, `Quantity`, `VerifiedBuild`) VALUES (248, 533, 1, 128827, NULL, 1, 27062);
INSERT IGNORE `playerchoice_response_reward_item`(`ChoiceId`, `ResponseId`, `Index`, `ItemId`, `BonusListIDs`, `Quantity`, `VerifiedBuild`) VALUES (248, 534, 2, 128868, NULL, 1, 27062);
INSERT IGNORE `playerchoice_response_reward_item`(`ChoiceId`, `ResponseId`, `Index`, `ItemId`, `BonusListIDs`, `Quantity`, `VerifiedBuild`) VALUES (253, 541, 0, 128402, NULL, 1, 27062);
INSERT IGNORE `playerchoice_response_reward_item`(`ChoiceId`, `ResponseId`, `Index`, `ItemId`, `BonusListIDs`, `Quantity`, `VerifiedBuild`) VALUES (253, 542, 1, 128292, NULL, 1, 27062);
INSERT IGNORE `playerchoice_response_reward_item`(`ChoiceId`, `ResponseId`, `Index`, `ItemId`, `BonusListIDs`, `Quantity`, `VerifiedBuild`) VALUES (253, 543, 2, 128403, NULL, 1, 27062);
INSERT IGNORE `playerchoice_response_reward_item`(`ChoiceId`, `ResponseId`, `Index`, `ItemId`, `BonusListIDs`, `Quantity`, `VerifiedBuild`) VALUES (255, 546, 0, 127829, NULL, 1, 27062);
INSERT IGNORE `playerchoice_response_reward_item`(`ChoiceId`, `ResponseId`, `Index`, `ItemId`, `BonusListIDs`, `Quantity`, `VerifiedBuild`) VALUES (255, 547, 1, 128832, NULL, 1, 27062);
INSERT IGNORE `playerchoice_response_reward_item`(`ChoiceId`, `ResponseId`, `Index`, `ItemId`, `BonusListIDs`, `Quantity`, `VerifiedBuild`) VALUES (262, 568, 0, 128870, NULL, 1, 27062);
INSERT IGNORE `playerchoice_response_reward_item`(`ChoiceId`, `ResponseId`, `Index`, `ItemId`, `BonusListIDs`, `Quantity`, `VerifiedBuild`) VALUES (262, 569, 1, 128872, NULL, 1, 27062);
INSERT IGNORE `playerchoice_response_reward_item`(`ChoiceId`, `ResponseId`, `Index`, `ItemId`, `BonusListIDs`, `Quantity`, `VerifiedBuild`) VALUES (262, 570, 2, 128476, NULL, 1, 27062);
INSERT IGNORE `playerchoice_response_reward_item`(`ChoiceId`, `ResponseId`, `Index`, `ItemId`, `BonusListIDs`, `Quantity`, `VerifiedBuild`) VALUES (265, 584, 0, 127857, NULL, 1, 27062);
INSERT IGNORE `playerchoice_response_reward_item`(`ChoiceId`, `ResponseId`, `Index`, `ItemId`, `BonusListIDs`, `Quantity`, `VerifiedBuild`) VALUES (265, 585, 1, 128820, NULL, 1, 27062);
INSERT IGNORE `playerchoice_response_reward_item`(`ChoiceId`, `ResponseId`, `Index`, `ItemId`, `BonusListIDs`, `Quantity`, `VerifiedBuild`) VALUES (265, 586, 2, 128862, NULL, 1, 27062);
INSERT IGNORE `playerchoice_response_reward_item`(`ChoiceId`, `ResponseId`, `Index`, `ItemId`, `BonusListIDs`, `Quantity`, `VerifiedBuild`) VALUES (266, 587, 0, 128819, NULL, 1, 27062);
INSERT IGNORE `playerchoice_response_reward_item`(`ChoiceId`, `ResponseId`, `Index`, `ItemId`, `BonusListIDs`, `Quantity`, `VerifiedBuild`) VALUES (266, 588, 1, 128935, NULL, 1, 27062);
INSERT IGNORE `playerchoice_response_reward_item`(`ChoiceId`, `ResponseId`, `Index`, `ItemId`, `BonusListIDs`, `Quantity`, `VerifiedBuild`) VALUES (266, 589, 2, 128911, NULL, 1, 27062);
INSERT IGNORE `playerchoice_response_reward_item`(`ChoiceId`, `ResponseId`, `Index`, `ItemId`, `BonusListIDs`, `Quantity`, `VerifiedBuild`) VALUES (270, 594, 1, 127857, NULL, 1, 27062);
INSERT IGNORE `playerchoice_response_reward_item`(`ChoiceId`, `ResponseId`, `Index`, `ItemId`, `BonusListIDs`, `Quantity`, `VerifiedBuild`) VALUES (270, 595, 0, 128820, NULL, 1, 27062);
INSERT IGNORE `playerchoice_response_reward_item`(`ChoiceId`, `ResponseId`, `Index`, `ItemId`, `BonusListIDs`, `Quantity`, `VerifiedBuild`) VALUES (273, 598, 1, 128825, NULL, 1, 27062);
INSERT IGNORE `playerchoice_response_reward_item`(`ChoiceId`, `ResponseId`, `Index`, `ItemId`, `BonusListIDs`, `Quantity`, `VerifiedBuild`) VALUES (273, 599, 0, 128827, NULL, 1, 27062);
INSERT IGNORE `playerchoice_response_reward_item`(`ChoiceId`, `ResponseId`, `Index`, `ItemId`, `BonusListIDs`, `Quantity`, `VerifiedBuild`) VALUES (273, 600, 2, 128868, NULL, 1, 27062);
INSERT IGNORE `playerchoice_response_reward_item`(`ChoiceId`, `ResponseId`, `Index`, `ItemId`, `BonusListIDs`, `Quantity`, `VerifiedBuild`) VALUES (274, 601, 0, 128819, NULL, 1, 27062);
INSERT IGNORE `playerchoice_response_reward_item`(`ChoiceId`, `ResponseId`, `Index`, `ItemId`, `BonusListIDs`, `Quantity`, `VerifiedBuild`) VALUES (274, 602, 1, 128935, NULL, 1, 27062);
INSERT IGNORE `playerchoice_response_reward_item`(`ChoiceId`, `ResponseId`, `Index`, `ItemId`, `BonusListIDs`, `Quantity`, `VerifiedBuild`) VALUES (274, 603, 2, 128911, NULL, 1, 27062);
INSERT IGNORE `playerchoice_response_reward_item`(`ChoiceId`, `ResponseId`, `Index`, `ItemId`, `BonusListIDs`, `Quantity`, `VerifiedBuild`) VALUES (275, 605, 0, 128289, NULL, 1, 27062);
INSERT IGNORE `playerchoice_response_reward_item`(`ChoiceId`, `ResponseId`, `Index`, `ItemId`, `BonusListIDs`, `Quantity`, `VerifiedBuild`) VALUES (275, 606, 1, 128908, NULL, 1, 27062);
INSERT IGNORE `playerchoice_response_reward_item`(`ChoiceId`, `ResponseId`, `Index`, `ItemId`, `BonusListIDs`, `Quantity`, `VerifiedBuild`) VALUES (277, 610, 0, 128938, NULL, 1, 27062);
INSERT IGNORE `playerchoice_response_reward_item`(`ChoiceId`, `ResponseId`, `Index`, `ItemId`, `BonusListIDs`, `Quantity`, `VerifiedBuild`) VALUES (277, 611, 1, 128937, NULL, 1, 27062);
INSERT IGNORE `playerchoice_response_reward_item`(`ChoiceId`, `ResponseId`, `Index`, `ItemId`, `BonusListIDs`, `Quantity`, `VerifiedBuild`) VALUES (279, 617, 0, 128942, NULL, 1, 27062);
INSERT IGNORE `playerchoice_response_reward_item`(`ChoiceId`, `ResponseId`, `Index`, `ItemId`, `BonusListIDs`, `Quantity`, `VerifiedBuild`) VALUES (279, 618, 1, 128943, NULL, 1, 27062);
INSERT IGNORE `playerchoice_response_reward_item`(`ChoiceId`, `ResponseId`, `Index`, `ItemId`, `BonusListIDs`, `Quantity`, `VerifiedBuild`) VALUES (280, 621, 0, 128872, NULL, 1, 27062);
INSERT IGNORE `playerchoice_response_reward_item`(`ChoiceId`, `ResponseId`, `Index`, `ItemId`, `BonusListIDs`, `Quantity`, `VerifiedBuild`) VALUES (280, 622, 1, 128476, NULL, 1, 27062);
INSERT IGNORE `playerchoice_response_reward_item`(`ChoiceId`, `ResponseId`, `Index`, `ItemId`, `BonusListIDs`, `Quantity`, `VerifiedBuild`) VALUES (282, 626, 0, 128858, NULL, 1, 27062);
INSERT IGNORE `playerchoice_response_reward_item`(`ChoiceId`, `ResponseId`, `Index`, `ItemId`, `BonusListIDs`, `Quantity`, `VerifiedBuild`) VALUES (282, 628, 1, 128821, NULL, 1, 27062);
INSERT IGNORE `playerchoice_response_reward_item`(`ChoiceId`, `ResponseId`, `Index`, `ItemId`, `BonusListIDs`, `Quantity`, `VerifiedBuild`) VALUES (282, 629, 2, 128306, NULL, 1, 27062);
INSERT IGNORE `playerchoice_response_reward_item`(`ChoiceId`, `ResponseId`, `Index`, `ItemId`, `BonusListIDs`, `Quantity`, `VerifiedBuild`) VALUES (284, 633, 0, 127857, NULL, 1, 27062);
INSERT IGNORE `playerchoice_response_reward_item`(`ChoiceId`, `ResponseId`, `Index`, `ItemId`, `BonusListIDs`, `Quantity`, `VerifiedBuild`) VALUES (284, 635, 1, 128862, NULL, 1, 27062);
INSERT IGNORE `playerchoice_response_reward_item`(`ChoiceId`, `ResponseId`, `Index`, `ItemId`, `BonusListIDs`, `Quantity`, `VerifiedBuild`) VALUES (287, 644, 0, 128476, NULL, 1, 27062);
INSERT IGNORE `playerchoice_response_reward_item`(`ChoiceId`, `ResponseId`, `Index`, `ItemId`, `BonusListIDs`, `Quantity`, `VerifiedBuild`) VALUES (288, 645, 0, 127829, NULL, 1, 27062);
INSERT IGNORE `playerchoice_response_reward_item`(`ChoiceId`, `ResponseId`, `Index`, `ItemId`, `BonusListIDs`, `Quantity`, `VerifiedBuild`) VALUES (292, 658, 0, 128827, NULL, 1, 27062);
INSERT IGNORE `playerchoice_response_reward_item`(`ChoiceId`, `ResponseId`, `Index`, `ItemId`, `BonusListIDs`, `Quantity`, `VerifiedBuild`) VALUES (317, 771, 0, 151830, '', 1, 25549);
INSERT IGNORE `playerchoice_response_reward_item`(`ChoiceId`, `ResponseId`, `Index`, `ItemId`, `BonusListIDs`, `Quantity`, `VerifiedBuild`) VALUES (317, 774, 1, 152098, '', 1, 25549);
INSERT IGNORE `playerchoice_response_reward_item`(`ChoiceId`, `ResponseId`, `Index`, `ItemId`, `BonusListIDs`, `Quantity`, `VerifiedBuild`) VALUES (317, 775, 1, 147496, '', 1, 25549);
INSERT IGNORE `playerchoice_response_reward_item`(`ChoiceId`, `ResponseId`, `Index`, `ItemId`, `BonusListIDs`, `Quantity`, `VerifiedBuild`) VALUES (317, 776, 2, 151912, '', 1, 25549);
INSERT IGNORE `playerchoice_response_reward_item`(`ChoiceId`, `ResponseId`, `Index`, `ItemId`, `BonusListIDs`, `Quantity`, `VerifiedBuild`) VALUES (317, 782, 0, 151830, '', 1, 25549);
